,armor,attacker_4k_rounds_total,attacker_X,attacker_Y,attacker_Z,attacker_ct_losing_streak,attacker_current_equip_value,attacker_health,attacker_is_ct_timeout,attacker_is_terrorist_timeout,attacker_place,attacker_name,attacker_steamid,attacker_t_losing_streak,attacker_team_clan_name,attacker_side,attacker_total_rounds_played,ct_losing_streak,ct_team_clan_name,ct_side,dmg_armor,dmg_health,health,hitgroup,is_ct_timeout,is_terrorist_timeout,t_losing_streak,t_team_clan_name,t_side,tick,total_rounds_played,user_4k_rounds_total,user_X,user_Y,user_Z,user_ct_losing_streak,user_current_equip_value,user_health,user_is_ct_timeout,user_is_terrorist_timeout,user_place,user_name,user_steamid,user_t_losing_streak,user_team_clan_name,user_side,user_total_rounds_played,weapon,total_dmg
26,93,0.0,826.49475,2301.3486,136.03148,2.0,2350.0,100.0,False,False,BombsiteB,jL,7.65611981768783e+16,0.0,Natus Vincere,ct,1.0,2.0,Natus Vincere,ct,7,10,90,generic,False,False,0.0,FaZe Clan,t,15110,1,0.0,168.03354,1131.6516,91.166336,2.0,4200.0,100,False,False,Banana,frozen,76561198068422762,0.0,FaZe Clan,t,1,hegrenade,17
27,100,0.0,956.4687,711.96875,105.976616,2.0,3450.0,100.0,False,False,Middle,karrigan,7.656119798943026e+16,0.0,FaZe Clan,t,1.0,2.0,Natus Vincere,ct,0,8,92,generic,False,False,0.0,FaZe Clan,t,15180,1,0.0,1334.2546,232.57031,138.03125,2.0,2000.0,100,False,False,TopofMid,b1t,76561198246607476,0.0,Natus Vincere,ct,1,inferno,8
28,100,0.0,-7.640991,1348.2954,104.03125,2.0,4200.0,90.0,False,False,Banana,frozen,7.656119806842277e+16,0.0,FaZe Clan,t,1.0,2.0,Natus Vincere,ct,0,0,100,generic,False,False,0.0,FaZe Clan,t,15313,1,0.0,823.07916,2332.8616,136.03146,2.0,2350.0,100,False,False,BombsiteB,jL,76561198176878303,0.0,Natus Vincere,ct,1,hegrenade,0
29,100,0.0,-7.640991,1348.2954,104.03125,2.0,4200.0,90.0,False,False,Banana,frozen,7.656119806842277e+16,0.0,FaZe Clan,t,1.0,2.0,Natus Vincere,ct,0,1,99,generic,False,False,0.0,FaZe Clan,t,15313,1,0.0,823.07916,2332.8616,136.03146,2.0,2350.0,100,False,False,BombsiteB,jL,76561198176878303,0.0,Natus Vincere,ct,1,hegrenade,1
30,63,0.0,-12.004272,1351.7451,104.03124,2.0,4200.0,90.0,False,False,Banana,frozen,7.656119806842277e+16,0.0,FaZe Clan,t,1.0,2.0,Natus Vincere,ct,37,56,43,generic,False,False,0.0,FaZe Clan,t,15319,1,0.0,824.4938,2330.998,136.03146,2.0,2350.0,99,False,False,BombsiteB,jL,76561198176878303,0.0,Natus Vincere,ct,1,hegrenade,93
31,98,0.0,956.47076,711.8861,105.97606,2.0,3450.0,100.0,False,False,Middle,karrigan,7.656119798943026e+16,0.0,FaZe Clan,t,1.0,2.0,Natus Vincere,ct,2,3,89,generic,False,False,0.0,FaZe Clan,t,15541,1,0.0,1546.7649,114.83137,132.03125,2.0,2000.0,92,False,False,TopofMid,b1t,76561198246607476,0.0,Natus Vincere,ct,1,hegrenade,5
58,78,0.0,35.66158,911.6532,81.022736,3.0,4200.0,100.0,False,False,TRamp,frozen,7.656119806842277e+16,0.0,FaZe Clan,t,2.0,3.0,Natus Vincere,ct,19,29,71,generic,False,False,0.0,FaZe Clan,t,26066,2,0.0,515.4973,1939.6309,136.03125,3.0,2650.0,100,False,False,Banana,w0nderful,76561199063068840,0.0,Natus Vincere,ct,2,hegrenade,48
59,78,0.0,208.08044,1393.3584,107.15139,3.0,3450.0,100.0,False,False,Banana,karrigan,7.656119798943026e+16,0.0,FaZe Clan,t,2.0,3.0,Natus Vincere,ct,0,1,70,generic,False,False,0.0,FaZe Clan,t,26097,2,0.0,470.02103,1912.7428,136.03125,3.0,2650.0,71,False,False,Banana,w0nderful,76561199063068840,0.0,Natus Vincere,ct,2,inferno,1
60,78,0.0,213.43018,1393.7177,108.1234,3.0,3450.0,100.0,False,False,Banana,karrigan,7.656119798943026e+16,0.0,FaZe Clan,t,2.0,3.0,Natus Vincere,ct,0,2,68,generic,False,False,0.0,FaZe Clan,t,26110,2,0.0,444.4341,1907.9642,136.03125,3.0,2650.0,70,False,False,Banana,w0nderful,76561199063068840,0.0,Natus Vincere,ct,2,inferno,2
61,78,0.0,238.12155,1385.1515,110.13595,3.0,3450.0,100.0,False,False,Banana,karrigan,7.656119798943026e+16,0.0,FaZe Clan,t,2.0,3.0,Natus Vincere,ct,0,3,65,generic,False,False,0.0,FaZe Clan,t,26123,2,0.0,415.3772,1914.9517,136.03123,3.0,2650.0,68,False,False,Banana,w0nderful,76561199063068840,0.0,Natus Vincere,ct,2,inferno,3
62,78,0.0,273.74908,1378.9987,111.87132,3.0,3450.0,100.0,False,False,Banana,karrigan,7.656119798943026e+16,0.0,FaZe Clan,t,2.0,3.0,Natus Vincere,ct,0,4,61,generic,False,False,0.0,FaZe Clan,t,26135,2,0.0,386.74847,1923.921,136.03122,3.0,2650.0,65,False,False,Banana,w0nderful,76561199063068840,0.0,Natus Vincere,ct,2,inferno,4
63,78,0.0,275.96848,1376.7198,111.83632,3.0,3450.0,100.0,False,False,Banana,karrigan,7.656119798943026e+16,0.0,FaZe Clan,t,2.0,3.0,Natus Vincere,ct,0,4,57,generic,False,False,0.0,FaZe Clan,t,26148,2,0.0,373.37064,1928.0553,136.03122,3.0,2650.0,61,False,False,Banana,w0nderful,76561199063068840,0.0,Natus Vincere,ct,2,inferno,4
81,84,0.0,926.24304,2007.9196,136.28076,1.0,4600.0,100.0,False,False,Banana,jL,7.65611981768783e+16,1.0,Natus Vincere,ct,3.0,1.0,Natus Vincere,ct,16,25,75,generic,False,False,1.0,FaZe Clan,t,32156,3,0.0,190.47455,1259.3318,99.9919,1.0,4300.0,100,False,False,Banana,frozen,76561198068422762,1.0,FaZe Clan,t,3,hegrenade,41
82,84,0.0,863.9686,2404.169,189.80641,1.0,5600.0,100.0,False,False,BombsiteB,iM,7.656119805025024e+16,1.0,Natus Vincere,ct,3.0,1.0,Natus Vincere,ct,0,1,74,generic,False,False,1.0,FaZe Clan,t,32278,3,0.0,48.52504,1379.0051,104.03124,1.0,4300.0,75,False,False,Banana,frozen,76561198068422762,1.0,FaZe Clan,t,3,inferno,1
83,84,0.0,863.9719,2409.4634,191.34196,1.0,5600.0,100.0,False,False,BombsiteB,iM,7.656119805025024e+16,1.0,Natus Vincere,ct,3.0,1.0,Natus Vincere,ct,0,2,72,generic,False,False,1.0,FaZe Clan,t,32291,3,0.0,77.63934,1396.8655,102.925896,1.0,4300.0,74,False,False,Banana,frozen,76561198068422762,1.0,FaZe Clan,t,3,inferno,2
84,84,0.0,863.9751,2416.7473,159.86969,1.0,5600.0,100.0,False,False,BombsiteB,iM,7.656119805025024e+16,1.0,Natus Vincere,ct,3.0,1.0,Natus Vincere,ct,0,3,69,generic,False,False,1.0,FaZe Clan,t,32304,3,0.0,100.939964,1428.2885,103.13258,1.0,4300.0,72,False,False,Banana,frozen,76561198068422762,1.0,FaZe Clan,t,3,inferno,3
85,84,0.0,863.9754,2427.2952,140.0843,1.0,5600.0,100.0,False,False,BombsiteB,iM,7.656119805025024e+16,1.0,Natus Vincere,ct,3.0,1.0,Natus Vincere,ct,0,4,65,generic,False,False,1.0,FaZe Clan,t,32316,3,0.0,119.878716,1462.2885,103.59334,1.0,4300.0,69,False,False,Banana,frozen,76561198068422762,1.0,FaZe Clan,t,3,inferno,4
86,76,0.0,817.469,2462.9214,136.03146,1.0,5600.0,100.0,False,False,BombsiteB,iM,7.656119805025024e+16,1.0,Natus Vincere,ct,3.0,1.0,Natus Vincere,ct,8,13,52,generic,False,False,1.0,FaZe Clan,t,32734,3,0.0,277.17612,1576.8622,122.588486,1.0,4300.0,65,False,False,Banana,frozen,76561198068422762,1.0,FaZe Clan,t,3,hegrenade,21
90,100,0.0,-22.899048,879.11584,80.03125,1.0,2400.0,100.0,False,False,TRamp,karrigan,7.656119798943026e+16,1.0,FaZe Clan,t,3.0,1.0,Natus Vincere,ct,0,1,99,generic,False,False,1.0,FaZe Clan,t,32875,3,0.0,394.39413,1986.812,136.03122,1.0,4600.0,100,False,False,Banana,jL,76561198176878303,1.0,Natus Vincere,ct,3,inferno,1
91,100,0.0,-41.022278,889.6249,78.597565,1.0,2400.0,100.0,False,False,TRamp,karrigan,7.656119798943026e+16,1.0,FaZe Clan,t,3.0,1.0,Natus Vincere,ct,0,2,97,generic,False,False,1.0,FaZe Clan,t,32888,3,0.0,400.39325,1985.0189,136.03122,1.0,4600.0,99,False,False,Banana,jL,76561198176878303,1.0,Natus Vincere,ct,3,inferno,2
92,100,0.0,-59.158752,912.6511,74.24723,1.0,2400.0,100.0,False,False,TRamp,karrigan,7.656119798943026e+16,1.0,FaZe Clan,t,3.0,1.0,Natus Vincere,ct,0,3,94,generic,False,False,1.0,FaZe Clan,t,32901,3,0.0,404.59494,1978.5062,136.03123,1.0,4600.0,97,False,False,Banana,jL,76561198176878303,1.0,Natus Vincere,ct,3,inferno,3
93,100,0.0,423.67413,1762.0472,134.03122,1.0,4600.0,94.0,False,False,Banana,jL,7.65611981768783e+16,1.0,Natus Vincere,ct,3.0,1.0,Natus Vincere,ct,0,8,92,generic,False,False,1.0,FaZe Clan,t,33063,3,0.0,67.44061,1262.0748,96.77915,1.0,2400.0,100,False,False,Banana,karrigan,76561197989430253,1.0,FaZe Clan,t,3,inferno,8
94,100,0.0,423.67413,1762.0472,134.03122,1.0,4600.0,94.0,False,False,Banana,jL,7.65611981768783e+16,1.0,Natus Vincere,ct,3.0,1.0,Natus Vincere,ct,0,8,84,generic,False,False,1.0,FaZe Clan,t,33075,3,0.0,66.669945,1299.088,98.39912,1.0,2400.0,92,False,False,Banana,karrigan,76561197989430253,1.0,FaZe Clan,t,3,inferno,8
95,100,0.0,423.67413,1762.0472,134.03122,1.0,4600.0,94.0,False,False,Banana,jL,7.65611981768783e+16,1.0,Natus Vincere,ct,3.0,1.0,Natus Vincere,ct,0,8,76,generic,False,False,1.0,FaZe Clan,t,33088,3,0.0,66.48749,1336.4174,100.33406,1.0,2400.0,84,False,False,Banana,karrigan,76561197989430253,1.0,FaZe Clan,t,3,inferno,8
96,100,0.0,423.67413,1762.0472,134.03122,1.0,4600.0,94.0,False,False,Banana,jL,7.65611981768783e+16,1.0,Natus Vincere,ct,3.0,1.0,Natus Vincere,ct,0,8,68,generic,False,False,1.0,FaZe Clan,t,33101,3,0.0,78.64788,1377.0669,101.95754,1.0,2400.0,76,False,False,Banana,karrigan,76561197989430253,1.0,FaZe Clan,t,3,inferno,8
98,64,0.0,868.8561,2183.755,136.36627,1.0,4700.0,100.0,False,False,Banana,Aleksib,7.656119801324333e+16,1.0,Natus Vincere,ct,3.0,1.0,Natus Vincere,ct,32,49,0,generic,False,False,1.0,FaZe Clan,t,33634,3,0.0,423.7483,1761.9598,134.03122,1.0,4700.0,40,False,False,Banana,karrigan,76561197989430253,1.0,FaZe Clan,t,3,hegrenade,81
114,0,0.0,816.2849,2524.6062,136.03146,0.0,5600.0,100.0,False,False,BombsiteB,Aleksib,7.656119801324333e+16,2.0,Natus Vincere,ct,4.0,0.0,Natus Vincere,ct,0,2,98,generic,False,False,2.0,FaZe Clan,t,45161,4,0.0,173.96722,1016.2146,85.561714,0.0,200.0,100,False,False,Banana,frozen,76561198068422762,2.0,FaZe Clan,t,4,hegrenade,2
115,0,0.0,2530.5332,-98.525635,96.66715,0.0,6100.0,100.0,False,False,Pit,b1t,7.656119824660747e+16,2.0,Natus Vincere,ct,4.0,0.0,Natus Vincere,ct,0,1,99,generic,False,False,2.0,FaZe Clan,t,46046,4,0.0,1277.8604,564.04193,125.03125,0.0,200.0,100,False,False,Middle,rain,76561197997351207,2.0,FaZe Clan,t,4,hegrenade,1
116,0,0.0,1.0299629,2673.828,161.03125,0.0,5500.0,100.0,False,False,BombsiteB,jL,7.65611981768783e+16,2.0,Natus Vincere,ct,4.0,0.0,Natus Vincere,ct,0,1,97,generic,False,False,2.0,FaZe Clan,t,46651,4,0.0,655.86206,2486.8635,189.03125,0.0,200.0,98,False,False,BombsiteB,frozen,76561198068422762,2.0,FaZe Clan,t,4,inferno,1
117,0,0.0,1.0313703,2643.7334,161.03125,0.0,5500.0,100.0,False,False,BombsiteB,jL,7.65611981768783e+16,2.0,Natus Vincere,ct,4.0,0.0,Natus Vincere,ct,0,2,95,generic,False,False,2.0,FaZe Clan,t,46664,4,0.0,647.1868,2486.3203,189.03125,0.0,200.0,97,False,False,BombsiteB,frozen,76561198068422762,2.0,FaZe Clan,t,4,inferno,2
118,0,0.0,1.0291644,2602.927,161.03125,0.0,5500.0,100.0,False,False,BombsiteB,jL,7.65611981768783e+16,2.0,Natus Vincere,ct,4.0,0.0,Natus Vincere,ct,0,3,92,generic,False,False,2.0,FaZe Clan,t,46677,4,0.0,647.2076,2469.2285,189.03125,0.0,200.0,95,False,False,BombsiteB,frozen,76561198068422762,2.0,FaZe Clan,t,4,inferno,3
120,0,0.0,1.1506908,2562.6453,161.03125,0.0,5500.0,100.0,False,False,BombsiteB,jL,7.65611981768783e+16,2.0,Natus Vincere,ct,4.0,0.0,Natus Vincere,ct,0,4,88,generic,False,False,2.0,FaZe Clan,t,46689,4,0.0,655.1418,2439.0312,189.03125,0.0,200.0,92,False,False,BombsiteB,frozen,76561198068422762,2.0,FaZe Clan,t,4,inferno,4
122,0,0.0,1.5180379,2531.5173,161.03125,0.0,5500.0,100.0,False,False,BombsiteB,jL,7.65611981768783e+16,2.0,Natus Vincere,ct,4.0,0.0,Natus Vincere,ct,0,4,84,generic,False,False,2.0,FaZe Clan,t,46702,4,0.0,663.80096,2439.373,182.21582,0.0,200.0,88,False,False,BombsiteB,frozen,76561198068422762,2.0,FaZe Clan,t,4,inferno,4
125,0,0.0,1.4269322,2530.8787,161.03125,0.0,5500.0,100.0,False,False,BombsiteB,jL,7.65611981768783e+16,2.0,Natus Vincere,ct,4.0,0.0,Natus Vincere,ct,0,5,79,generic,False,False,2.0,FaZe Clan,t,46715,4,0.0,672.6059,2439.3699,144.94386,0.0,200.0,84,False,False,BombsiteB,frozen,76561198068422762,2.0,FaZe Clan,t,4,inferno,5
126,0,0.0,2.9037652,2508.1465,161.03125,0.0,5500.0,100.0,False,False,BombsiteB,jL,7.65611981768783e+16,2.0,Natus Vincere,ct,4.0,0.0,Natus Vincere,ct,0,8,92,generic,False,False,2.0,FaZe Clan,t,46933,4,0.0,662.54126,2463.8381,187.1344,0.0,400.0,100,False,False,BombsiteB,karrigan,76561197989430253,2.0,FaZe Clan,t,4,inferno,8
127,0,0.0,2.2642245,2511.9546,161.03125,0.0,5500.0,100.0,False,False,BombsiteB,jL,7.65611981768783e+16,2.0,Natus Vincere,ct,4.0,0.0,Natus Vincere,ct,0,8,84,generic,False,False,2.0,FaZe Clan,t,46958,4,0.0,640.03064,2444.1199,189.03125,0.0,400.0,92,False,False,BombsiteB,karrigan,76561197989430253,2.0,FaZe Clan,t,4,inferno,8
128,0,0.0,2.017143,2514.4136,161.03125,0.0,5500.0,100.0,False,False,BombsiteB,jL,7.65611981768783e+16,2.0,Natus Vincere,ct,4.0,0.0,Natus Vincere,ct,0,8,76,generic,False,False,2.0,FaZe Clan,t,46971,4,0.0,640.031,2439.0312,189.03125,0.0,400.0,84,False,False,BombsiteB,karrigan,76561197989430253,2.0,FaZe Clan,t,4,inferno,8
129,87,0.0,446.48395,2448.5244,167.03125,0.0,5600.0,85.0,False,False,BombsiteB,Aleksib,7.656119801324333e+16,2.0,Natus Vincere,ct,4.0,0.0,Natus Vincere,ct,0,2,98,generic,False,False,2.0,FaZe Clan,t,47004,4,0.0,862.99023,2599.8047,140.0843,0.0,4100.0,100,False,False,BombsiteB,ropz,76561197991272318,2.0,FaZe Clan,t,4,inferno,2
130,87,0.0,430.69528,2447.8057,167.03125,0.0,5600.0,85.0,False,False,BombsiteB,Aleksib,7.656119801324333e+16,2.0,Natus Vincere,ct,4.0,0.0,Natus Vincere,ct,0,3,95,generic,False,False,2.0,FaZe Clan,t,47017,4,0.0,862.915,2605.7083,140.0843,0.0,4100.0,98,False,False,BombsiteB,ropz,76561197991272318,2.0,FaZe Clan,t,4,inferno,3
131,0,0.0,430.69528,2447.8057,167.03125,0.0,5600.0,85.0,False,False,BombsiteB,Aleksib,7.656119801324333e+16,2.0,Natus Vincere,ct,4.0,0.0,Natus Vincere,ct,0,3,76,generic,False,False,2.0,FaZe Clan,t,47017,4,0.0,830.11615,2536.206,140.0843,0.0,200.0,79,False,False,BombsiteB,frozen,76561198068422762,2.0,FaZe Clan,t,4,inferno,3
132,87,0.0,447.06598,2439.0312,167.03125,0.0,5600.0,85.0,False,False,BombsiteB,Aleksib,7.656119801324333e+16,2.0,Natus Vincere,ct,4.0,0.0,Natus Vincere,ct,0,4,91,generic,False,False,2.0,FaZe Clan,t,47029,4,0.0,863.51294,2600.6729,140.0843,0.0,4100.0,95,False,False,BombsiteB,ropz,76561197991272318,2.0,FaZe Clan,t,4,inferno,4
133,0,0.0,447.06598,2439.0312,167.03125,0.0,5600.0,85.0,False,False,BombsiteB,Aleksib,7.656119801324333e+16,2.0,Natus Vincere,ct,4.0,0.0,Natus Vincere,ct,0,4,72,generic,False,False,2.0,FaZe Clan,t,47029,4,0.0,834.32776,2568.6416,140.0843,0.0,200.0,76,False,False,BombsiteB,frozen,76561198068422762,2.0,FaZe Clan,t,4,inferno,4
134,87,0.0,479.7967,2439.0312,167.03125,0.0,5600.0,85.0,False,False,BombsiteB,Aleksib,7.656119801324333e+16,2.0,Natus Vincere,ct,4.0,0.0,Natus Vincere,ct,0,4,87,generic,False,False,2.0,FaZe Clan,t,47042,4,0.0,862.4584,2617.111,140.0843,0.0,4100.0,91,False,False,BombsiteB,ropz,76561197991272318,2.0,FaZe Clan,t,4,inferno,4
135,0,0.0,479.7967,2439.0312,167.03125,0.0,5600.0,85.0,False,False,BombsiteB,Aleksib,7.656119801324333e+16,2.0,Natus Vincere,ct,4.0,0.0,Natus Vincere,ct,0,4,68,generic,False,False,2.0,FaZe Clan,t,47042,4,0.0,837.3999,2552.0234,140.0843,0.0,200.0,72,False,False,BombsiteB,frozen,76561198068422762,2.0,FaZe Clan,t,4,inferno,4
136,87,0.0,495.7122,2439.0312,167.03125,0.0,5600.0,85.0,False,False,BombsiteB,Aleksib,7.656119801324333e+16,2.0,Natus Vincere,ct,4.0,0.0,Natus Vincere,ct,0,5,82,generic,False,False,2.0,FaZe Clan,t,47055,4,0.0,863.4449,2651.5261,140.0843,0.0,4100.0,87,False,False,BombsiteB,ropz,76561197991272318,2.0,FaZe Clan,t,4,inferno,5
139,0,0.0,471.5292,2442.3672,167.03125,0.0,5600.0,85.0,False,False,BombsiteB,Aleksib,7.656119801324333e+16,2.0,Natus Vincere,ct,4.0,0.0,Natus Vincere,ct,0,6,70,generic,False,False,2.0,FaZe Clan,t,47068,4,0.0,646.07416,2495.392,189.03125,0.0,400.0,76,False,False,BombsiteB,karrigan,76561197989430253,2.0,FaZe Clan,t,4,inferno,6
140,81,0.0,471.5292,2442.3672,167.03125,0.0,5600.0,85.0,False,False,BombsiteB,Aleksib,7.656119801324333e+16,2.0,Natus Vincere,ct,4.0,0.0,Natus Vincere,ct,0,6,24,generic,False,False,2.0,FaZe Clan,t,47068,4,0.0,867.0536,2659.227,140.0843,0.0,4100.0,30,False,False,BombsiteB,ropz,76561197991272318,2.0,FaZe Clan,t,4,inferno,6
142,0,0.0,436.99713,2443.8591,168.03123,0.0,5600.0,85.0,False,False,BombsiteB,Aleksib,7.656119801324333e+16,2.0,Natus Vincere,ct,4.0,0.0,Natus Vincere,ct,0,7,63,generic,False,False,2.0,FaZe Clan,t,47081,4,0.0,652.332,2517.9153,189.03125,0.0,400.0,70,False,False,BombsiteB,karrigan,76561197989430253,2.0,FaZe Clan,t,4,inferno,7
143,0,0.0,436.99713,2443.8591,168.03123,0.0,5600.0,85.0,False,False,BombsiteB,Aleksib,7.656119801324333e+16,2.0,Natus Vincere,ct,4.0,0.0,Natus Vincere,ct,0,7,61,generic,False,False,2.0,FaZe Clan,t,47081,4,0.0,863.9711,2561.9346,140.0843,0.0,200.0,68,False,False,BombsiteB,frozen,76561198068422762,2.0,FaZe Clan,t,4,inferno,7
144,0,0.0,430.85794,2439.876,168.03123,0.0,5600.0,85.0,False,False,BombsiteB,Aleksib,7.656119801324333e+16,2.0,Natus Vincere,ct,4.0,0.0,Natus Vincere,ct,0,8,55,generic,False,False,2.0,FaZe Clan,t,47093,4,0.0,653.7525,2521.7908,189.03125,0.0,400.0,63,False,False,BombsiteB,karrigan,76561197989430253,2.0,FaZe Clan,t,4,inferno,8
145,0,0.0,430.85794,2439.876,168.03123,0.0,5600.0,85.0,False,False,BombsiteB,Aleksib,7.656119801324333e+16,2.0,Natus Vincere,ct,4.0,0.0,Natus Vincere,ct,0,8,53,generic,False,False,2.0,FaZe Clan,t,47093,4,0.0,863.44324,2603.7805,140.0843,0.0,200.0,61,False,False,BombsiteB,frozen,76561198068422762,2.0,FaZe Clan,t,4,inferno,8
146,0,0.0,451.02045,2442.2515,167.03125,0.0,5600.0,85.0,False,False,BombsiteB,Aleksib,7.656119801324333e+16,2.0,Natus Vincere,ct,4.0,0.0,Natus Vincere,ct,0,8,47,generic,False,False,2.0,FaZe Clan,t,47106,4,0.0,649.8798,2523.8518,189.03125,0.0,400.0,55,False,False,BombsiteB,karrigan,76561197989430253,2.0,FaZe Clan,t,4,inferno,8
147,0,0.0,451.02045,2442.2515,167.03125,0.0,5600.0,85.0,False,False,BombsiteB,Aleksib,7.656119801324333e+16,2.0,Natus Vincere,ct,4.0,0.0,Natus Vincere,ct,0,8,45,generic,False,False,2.0,FaZe Clan,t,47106,4,0.0,860.6462,2643.3154,140.0843,0.0,2900.0,53,False,False,BombsiteB,frozen,76561198068422762,2.0,FaZe Clan,t,4,inferno,8
150,0,0.0,485.9476,2439.0312,167.03125,0.0,5600.0,85.0,False,False,BombsiteB,Aleksib,7.656119801324333e+16,2.0,Natus Vincere,ct,4.0,0.0,Natus Vincere,ct,0,8,39,generic,False,False,2.0,FaZe Clan,t,47119,4,0.0,646.9667,2544.556,189.03125,0.0,400.0,47,False,False,BombsiteB,karrigan,76561197989430253,2.0,FaZe Clan,t,4,inferno,8
151,0,0.0,485.9476,2439.0312,167.03125,0.0,5600.0,85.0,False,False,BombsiteB,Aleksib,7.656119801324333e+16,2.0,Natus Vincere,ct,4.0,0.0,Natus Vincere,ct,0,8,37,generic,False,False,2.0,FaZe Clan,t,47119,4,0.0,858.06415,2663.87,140.0843,0.0,2900.0,45,False,False,BombsiteB,frozen,76561198068422762,2.0,FaZe Clan,t,4,inferno,8
153,0,0.0,493.34018,2439.0312,167.03125,0.0,5600.0,85.0,False,False,BombsiteB,Aleksib,7.656119801324333e+16,2.0,Natus Vincere,ct,4.0,0.0,Natus Vincere,ct,0,8,31,generic,False,False,2.0,FaZe Clan,t,47132,4,0.0,630.5149,2551.9243,202.68596,0.0,400.0,39,False,False,BombsiteB,karrigan,76561197989430253,2.0,FaZe Clan,t,4,inferno,8
154,0,0.0,493.34018,2439.0312,167.03125,0.0,5600.0,85.0,False,False,BombsiteB,Aleksib,7.656119801324333e+16,2.0,Natus Vincere,ct,4.0,0.0,Natus Vincere,ct,0,8,29,generic,False,False,2.0,FaZe Clan,t,47132,4,0.0,861.82104,2638.676,140.0843,0.0,2900.0,37,False,False,BombsiteB,frozen,76561198068422762,2.0,FaZe Clan,t,4,inferno,8
157,0,0.0,477.5146,2439.0312,167.03125,0.0,5600.0,85.0,False,False,BombsiteB,Aleksib,7.656119801324333e+16,2.0,Natus Vincere,ct,4.0,0.0,Natus Vincere,ct,0,8,21,generic,False,False,2.0,FaZe Clan,t,47145,4,0.0,865.88574,2604.536,140.0843,0.0,2900.0,29,False,False,BombsiteB,frozen,76561198068422762,2.0,FaZe Clan,t,4,inferno,8
158,0,0.0,480.71982,2439.0312,167.03125,0.0,5600.0,85.0,False,False,BombsiteB,Aleksib,7.656119801324333e+16,2.0,Natus Vincere,ct,4.0,0.0,Natus Vincere,ct,0,8,13,generic,False,False,2.0,FaZe Clan,t,47157,4,0.0,858.0577,2612.1167,140.0843,0.0,2900.0,21,False,False,BombsiteB,frozen,76561198068422762,2.0,FaZe Clan,t,4,inferno,8
167,100,0.0,297.64166,-250.37695,99.03126,0.0,2400.0,100.0,False,False,SecondMid,ropz,7.656119799127232e+16,3.0,FaZe Clan,t,5.0,0.0,Natus Vincere,ct,0,4,96,generic,False,False,3.0,FaZe Clan,t,49750,5,0.0,1235.961,28.06983,266.36847,0.0,6100.0,100,False,False,Apartments,b1t,76561198246607476,3.0,Natus Vincere,ct,5,inferno,4
168,100,0.0,317.53894,-280.42963,97.03124,0.0,2400.0,100.0,False,False,SecondMid,ropz,7.656119799127232e+16,3.0,FaZe Clan,t,5.0,0.0,Natus Vincere,ct,0,4,92,generic,False,False,3.0,FaZe Clan,t,49763,5,0.0,1209.7538,21.958176,303.94693,0.0,6100.0,96,False,False,Apartments,b1t,76561198246607476,3.0,Natus Vincere,ct,5,inferno,4
169,100,0.0,293.5993,-275.3985,99.03125,0.0,2400.0,100.0,False,False,SecondMid,ropz,7.656119799127232e+16,3.0,FaZe Clan,t,5.0,0.0,Natus Vincere,ct,0,5,87,generic,False,False,3.0,FaZe Clan,t,49776,5,0.0,1191.0771,39.260082,308.5176,0.0,6100.0,92,False,False,Apartments,b1t,76561198246607476,3.0,Natus Vincere,ct,5,inferno,5
170,98,0.0,1209.2863,303.93613,128.03125,0.0,6100.0,87.0,False,False,Apartments,b1t,7.656119824660747e+16,3.0,Natus Vincere,ct,5.0,0.0,Natus Vincere,ct,2,4,96,generic,False,False,3.0,FaZe Clan,t,50076,5,0.0,953.9683,156.51904,162.03125,0.0,4400.0,100,False,False,SecondMid,rain,76561197997351207,3.0,FaZe Clan,t,5,hegrenade,6
176,100,0.0,2289.1543,-69.46326,111.57024,0.0,5300.0,100.0,False,False,BombsiteA,w0nderful,7.656119906306883e+16,3.0,Natus Vincere,ct,5.0,0.0,Natus Vincere,ct,0,7,93,generic,False,False,3.0,FaZe Clan,t,55598,5,0.0,1466.514,179.1354,177.41623,0.0,4200.0,100,False,False,TopofMid,karrigan,76561197989430253,3.0,FaZe Clan,t,5,inferno,7
177,100,0.0,2291.343,-60.6109,112.575775,0.0,5300.0,100.0,False,False,BombsiteA,w0nderful,7.656119906306883e+16,3.0,Natus Vincere,ct,5.0,0.0,Natus Vincere,ct,0,8,85,generic,False,False,3.0,FaZe Clan,t,55610,5,0.0,1474.8134,131.89384,180.60977,0.0,4200.0,93,False,False,TopofMid,karrigan,76561197989430253,3.0,FaZe Clan,t,5,inferno,8
189,77,0.0,925.17535,1986.402,136.03128,1.0,5200.0,100.0,False,False,Banana,jL,7.65611981768783e+16,1.0,Natus Vincere,ct,6.0,1.0,Natus Vincere,ct,20,30,70,generic,False,False,1.0,FaZe Clan,t,64136,6,0.0,199.24419,1298.8086,102.42842,1.0,5100.0,100,False,False,Banana,karrigan,76561197989430253,1.0,FaZe Clan,t,6,hegrenade,50
190,92,0.0,925.17535,1986.402,136.03128,1.0,5200.0,100.0,False,False,Banana,jL,7.65611981768783e+16,1.0,Natus Vincere,ct,6.0,1.0,Natus Vincere,ct,8,13,87,generic,False,False,1.0,FaZe Clan,t,64136,6,0.0,134.561,1227.3693,93.325424,1.0,5100.0,100,False,False,Banana,frozen,76561198068422762,1.0,FaZe Clan,t,6,hegrenade,21
191,100,0.0,925.17535,1986.402,136.03128,1.0,5200.0,100.0,False,False,Banana,jL,7.65611981768783e+16,1.0,Natus Vincere,ct,6.0,1.0,Natus Vincere,ct,0,0,100,generic,False,False,1.0,FaZe Clan,t,64136,6,0.0,155.5997,1081.418,88.29608,1.0,5100.0,100,False,False,Banana,broky,76561198201620490,1.0,FaZe Clan,t,6,hegrenade,0
193,100,0.0,785.7946,2303.6868,136.03146,1.0,7300.0,100.0,False,False,Banana,w0nderful,7.656119906306883e+16,1.0,Natus Vincere,ct,6.0,1.0,Natus Vincere,ct,0,0,100,generic,False,False,1.0,FaZe Clan,t,64279,6,0.0,81.802895,1312.7743,98.10714,1.0,5100.0,100,False,False,Banana,broky,76561198201620490,1.0,FaZe Clan,t,6,molotov,0
194,100,0.0,785.7946,2303.6868,136.03146,1.0,7300.0,100.0,False,False,Banana,w0nderful,7.656119906306883e+16,1.0,Natus Vincere,ct,6.0,1.0,Natus Vincere,ct,0,1,99,generic,False,False,1.0,FaZe Clan,t,64279,6,0.0,81.802895,1312.7743,98.10714,1.0,5100.0,100,False,False,Banana,broky,76561198201620490,1.0,FaZe Clan,t,6,molotov,1
195,96,0.0,274.3817,1311.7816,111.30887,1.0,5100.0,87.0,False,False,Banana,frozen,7.656119806842277e+16,1.0,FaZe Clan,t,6.0,1.0,Natus Vincere,ct,4,7,93,generic,False,False,1.0,FaZe Clan,t,64295,6,0.0,1038.8082,1852.2466,144.03125,1.0,5200.0,100,False,False,Banana,jL,76561198176878303,1.0,Natus Vincere,ct,6,hegrenade,11
196,85,0.0,322.63458,1695.7921,127.05868,1.0,5100.0,70.0,False,False,Banana,karrigan,7.656119798943026e+16,1.0,FaZe Clan,t,6.0,1.0,Natus Vincere,ct,11,16,77,generic,False,False,1.0,FaZe Clan,t,64405,6,0.0,1037.0273,1885.8402,144.03125,1.0,5200.0,93,False,False,Banana,jL,76561198176878303,1.0,Natus Vincere,ct,6,hegrenade,27
197,78,0.0,222.65527,1601.8042,110.83338,1.0,5100.0,99.0,False,False,Banana,broky,7.65611982016205e+16,1.0,FaZe Clan,t,6.0,1.0,Natus Vincere,ct,7,10,67,generic,False,False,1.0,FaZe Clan,t,64428,6,0.0,1036.9694,1883.8594,144.03125,1.0,5200.0,77,False,False,Banana,jL,76561198176878303,1.0,Natus Vincere,ct,6,hegrenade,17
198,100,0.0,214.08556,1449.206,108.7579,1.0,5100.0,87.0,False,False,Banana,frozen,7.656119806842277e+16,1.0,FaZe Clan,t,6.0,1.0,Natus Vincere,ct,0,1,99,generic,False,False,1.0,FaZe Clan,t,64711,6,0.0,809.8121,2473.6304,136.03146,1.0,5450.0,100,False,False,BombsiteB,iM,76561198050250233,1.0,Natus Vincere,ct,6,inferno,1
199,71,0.0,658.0315,2534.158,144.39511,1.0,5450.0,99.0,False,False,BombsiteB,iM,7.656119805025024e+16,1.0,Natus Vincere,ct,6.0,1.0,Natus Vincere,ct,6,9,61,generic,False,False,1.0,FaZe Clan,t,64781,6,0.0,316.358,1966.1268,145.71365,1.0,5100.0,70,False,False,Banana,karrigan,76561197989430253,1.0,FaZe Clan,t,6,hegrenade,15
200,98,0.0,658.0315,2534.158,144.39511,1.0,5450.0,99.0,False,False,BombsiteB,iM,7.656119805025024e+16,1.0,Natus Vincere,ct,6.0,1.0,Natus Vincere,ct,2,4,95,generic,False,False,1.0,FaZe Clan,t,64781,6,0.0,144.17783,1603.3191,108.76447,1.0,5100.0,99,False,False,Banana,broky,76561198201620490,1.0,FaZe Clan,t,6,hegrenade,6
201,91,0.0,658.0315,2534.158,144.39511,1.0,5450.0,99.0,False,False,BombsiteB,iM,7.656119805025024e+16,1.0,Natus Vincere,ct,6.0,1.0,Natus Vincere,ct,1,2,85,generic,False,False,1.0,FaZe Clan,t,64781,6,0.0,241.23093,1496.621,113.81766,1.0,5100.0,87,False,False,Banana,frozen,76561198068422762,1.0,FaZe Clan,t,6,hegrenade,3
205,100,0.0,368.01392,1785.4148,130.72424,1.0,5100.0,85.0,False,False,Banana,frozen,7.656119806842277e+16,1.0,FaZe Clan,t,6.0,1.0,Natus Vincere,ct,0,8,91,generic,False,False,1.0,FaZe Clan,t,65095,6,0.0,852.5539,2469.5872,140.0843,1.0,5450.0,99,False,False,BombsiteB,iM,76561198050250233,1.0,Natus Vincere,ct,6,inferno,8
206,100,0.0,403.8924,1772.2241,134.03122,1.0,5100.0,85.0,False,False,Banana,frozen,7.656119806842277e+16,1.0,FaZe Clan,t,6.0,1.0,Natus Vincere,ct,0,8,83,generic,False,False,1.0,FaZe Clan,t,65108,6,0.0,863.9686,2426.2283,140.0843,1.0,5450.0,91,False,False,BombsiteB,iM,76561198050250233,1.0,Natus Vincere,ct,6,inferno,8
208,100,0.0,422.21344,1759.1844,134.03122,1.0,5100.0,85.0,False,False,Banana,frozen,7.656119806842277e+16,1.0,FaZe Clan,t,6.0,1.0,Natus Vincere,ct,0,8,75,generic,False,False,1.0,FaZe Clan,t,65121,6,0.0,863.9686,2380.6597,140.0843,1.0,5450.0,83,False,False,BombsiteB,iM,76561198050250233,1.0,Natus Vincere,ct,6,inferno,8
218,51,0.0,864.8366,2239.7754,140.0843,1.0,5800.0,0.0,False,False,BombsiteB,Aleksib,7.656119801324333e+16,1.0,Natus Vincere,ct,6.0,1.0,Natus Vincere,ct,30,46,0,generic,False,False,1.0,FaZe Clan,t,65303,6,0.0,342.8293,1825.5875,129.07664,1.0,5100.0,37,False,False,Banana,frozen,76561198068422762,1.0,FaZe Clan,t,6,hegrenade,76
219,73,0.0,864.8366,2239.7754,140.0843,1.0,5800.0,0.0,False,False,BombsiteB,Aleksib,7.656119801324333e+16,1.0,Natus Vincere,ct,6.0,1.0,Natus Vincere,ct,27,41,59,generic,False,False,1.0,FaZe Clan,t,65303,6,0.0,267.68335,1726.3066,119.67381,1.0,5000.0,100,False,False,Banana,rain,76561197997351207,1.0,FaZe Clan,t,6,hegrenade,68
220,90,0.0,1279.459,2659.7488,132.98547,1.0,5900.0,100.0,False,False,Ruins,b1t,7.656119824660747e+16,1.0,Natus Vincere,ct,6.0,1.0,Natus Vincere,ct,0,1,99,generic,False,False,1.0,FaZe Clan,t,68925,6,0.0,57.821396,2584.6252,161.03125,1.0,5000.0,100,False,False,BombsiteB,ropz,76561197991272318,1.0,FaZe Clan,t,6,inferno,1
221,90,0.0,1275.4912,2648.03,135.24242,1.0,5900.0,100.0,False,False,Ruins,b1t,7.656119824660747e+16,1.0,Natus Vincere,ct,6.0,1.0,Natus Vincere,ct,0,2,97,generic,False,False,1.0,FaZe Clan,t,68938,6,0.0,53.972504,2582.5813,161.03125,1.0,5000.0,99,False,False,BombsiteB,ropz,76561197991272318,1.0,FaZe Clan,t,6,inferno,2
222,90,0.0,1277.0913,2648.0273,135.24304,1.0,5900.0,100.0,False,False,Ruins,b1t,7.656119824660747e+16,1.0,Natus Vincere,ct,6.0,1.0,Natus Vincere,ct,0,3,94,generic,False,False,1.0,FaZe Clan,t,68951,6,0.0,36.77201,2576.9075,161.03125,1.0,5000.0,97,False,False,BombsiteB,ropz,76561197991272318,1.0,FaZe Clan,t,6,inferno,3
223,90,0.0,1277.0913,2648.0273,135.24304,1.0,5900.0,100.0,False,False,Ruins,b1t,7.656119824660747e+16,1.0,Natus Vincere,ct,6.0,1.0,Natus Vincere,ct,0,4,90,generic,False,False,1.0,FaZe Clan,t,68963,6,0.0,21.773193,2563.7178,161.03125,1.0,5000.0,94,False,False,BombsiteB,ropz,76561197991272318,1.0,FaZe Clan,t,6,inferno,4
224,90,0.0,1277.0913,2648.0273,135.24304,1.0,5900.0,100.0,False,False,Ruins,b1t,7.656119824660747e+16,1.0,Natus Vincere,ct,6.0,1.0,Natus Vincere,ct,0,4,86,generic,False,False,1.0,FaZe Clan,t,68976,6,0.0,8.986428,2560.3684,161.03125,1.0,5000.0,90,False,False,BombsiteB,ropz,76561197991272318,1.0,FaZe Clan,t,6,inferno,4
225,90,0.0,1290.0692,2657.9177,133.92488,1.0,5900.0,100.0,False,False,Ruins,b1t,7.656119824660747e+16,1.0,Natus Vincere,ct,6.0,1.0,Natus Vincere,ct,0,5,81,generic,False,False,1.0,FaZe Clan,t,68989,6,0.0,4.404706,2565.5024,161.03125,1.0,5000.0,86,False,False,BombsiteB,ropz,76561197991272318,1.0,FaZe Clan,t,6,inferno,5
226,90,0.0,1305.9032,2690.6108,132.86824,1.0,5900.0,100.0,False,False,Ruins,b1t,7.656119824660747e+16,1.0,Natus Vincere,ct,6.0,1.0,Natus Vincere,ct,0,6,75,generic,False,False,1.0,FaZe Clan,t,69002,6,0.0,3.474762,2571.92,161.03125,1.0,5000.0,81,False,False,BombsiteB,ropz,76561197991272318,1.0,FaZe Clan,t,6,inferno,6
227,90,0.0,1305.764,2730.5444,131.88506,1.0,5900.0,100.0,False,False,Ruins,b1t,7.656119824660747e+16,1.0,Natus Vincere,ct,6.0,1.0,Natus Vincere,ct,0,7,68,generic,False,False,1.0,FaZe Clan,t,69015,6,0.0,2.5864377,2579.412,161.03125,1.0,5000.0,75,False,False,BombsiteB,ropz,76561197991272318,1.0,FaZe Clan,t,6,inferno,7
228,90,0.0,1305.495,2757.1558,124.03177,1.0,5900.0,100.0,False,False,Ruins,b1t,7.656119824660747e+16,1.0,Natus Vincere,ct,6.0,1.0,Natus Vincere,ct,0,8,60,generic,False,False,1.0,FaZe Clan,t,69027,6,0.0,9.39189,2577.242,161.03125,1.0,5000.0,68,False,False,BombsiteB,ropz,76561197991272318,1.0,FaZe Clan,t,6,inferno,8
229,90,0.0,1301.8241,2755.6062,124.03176,1.0,5900.0,100.0,False,False,Ruins,b1t,7.656119824660747e+16,1.0,Natus Vincere,ct,6.0,1.0,Natus Vincere,ct,0,8,52,generic,False,False,1.0,FaZe Clan,t,69040,6,0.0,24.39333,2554.4146,161.03125,1.0,5000.0,60,False,False,BombsiteB,ropz,76561197991272318,1.0,FaZe Clan,t,6,inferno,8
233,34,0.0,647.32294,2670.041,147.98122,1.0,4700.0,74.0,False,False,BombsiteB,b1t,7.656119824660747e+16,1.0,Natus Vincere,ct,6.0,1.0,Natus Vincere,ct,35,52,0,generic,False,False,1.0,FaZe Clan,t,69524,6,0.0,126.96875,3145.4688,164.40915,1.0,4800.0,38,False,False,BombsiteB,rain,76561197997351207,1.0,FaZe Clan,t,6,hegrenade,87
255,62,0.0,1773.0968,73.039856,129.56104,0.0,2000.0,24.0,False,False,BombsiteA,frozen,7.656119806842277e+16,2.0,FaZe Clan,t,7.0,0.0,Natus Vincere,ct,35,52,48,generic,False,False,2.0,FaZe Clan,t,77162,7,0.0,2581.0413,-83.341,94.51958,0.0,5200.0,100,False,False,Pit,b1t,76561198246607476,2.0,Natus Vincere,ct,7,hegrenade,87
260,98,0.0,482.25208,-264.96973,89.03125,1.0,5100.0,100.0,False,False,SecondMid,rain,7.65611979973512e+16,0.0,FaZe Clan,t,8.0,1.0,Natus Vincere,ct,2,3,97,generic,False,False,0.0,FaZe Clan,t,81805,8,0.0,1188.0315,362.56223,128.03125,1.0,4050.0,100,False,False,Apartments,b1t,76561198246607476,0.0,Natus Vincere,ct,8,hegrenade,5
261,100,0.0,683.31793,2118.4504,138.82689,1.0,4950.0,100.0,False,False,Banana,Aleksib,7.656119801324333e+16,0.0,Natus Vincere,ct,8.0,1.0,Natus Vincere,ct,0,2,98,generic,False,False,0.0,FaZe Clan,t,83474,8,0.0,136.17603,1350.4617,97.65796,1.0,5100.0,100,False,False,Banana,frozen,76561198068422762,0.0,FaZe Clan,t,8,inferno,2
262,100,0.0,671.6966,2117.429,138.82689,1.0,4950.0,100.0,False,False,Banana,Aleksib,7.656119801324333e+16,0.0,Natus Vincere,ct,8.0,1.0,Natus Vincere,ct,0,3,95,generic,False,False,0.0,FaZe Clan,t,83487,8,0.0,109.63665,1380.9835,100.99529,1.0,5100.0,98,False,False,Banana,frozen,76561198068422762,0.0,FaZe Clan,t,8,inferno,3
263,89,0.0,105.399254,1389.6476,101.63072,1.0,5100.0,95.0,False,False,Banana,frozen,7.656119806842277e+16,0.0,FaZe Clan,t,8.0,1.0,Natus Vincere,ct,11,16,84,generic,False,False,0.0,FaZe Clan,t,83490,8,0.0,673.3035,2115.5989,138.82689,1.0,4950.0,100,False,False,Banana,Aleksib,76561198013243326,0.0,Natus Vincere,ct,8,hegrenade,27
264,90,0.0,105.399254,1389.6476,101.63072,1.0,5100.0,95.0,False,False,Banana,frozen,7.656119806842277e+16,0.0,FaZe Clan,t,8.0,1.0,Natus Vincere,ct,10,15,85,generic,False,False,0.0,FaZe Clan,t,83490,8,0.0,394.8911,1891.111,136.22588,1.0,5050.0,100,False,False,Banana,jL,76561198176878303,0.0,Natus Vincere,ct,8,hegrenade,25
266,95,0.0,688.97565,2113.3372,138.82689,1.0,4950.0,84.0,False,False,Banana,Aleksib,7.656119801324333e+16,0.0,Natus Vincere,ct,8.0,1.0,Natus Vincere,ct,0,4,67,generic,False,False,0.0,FaZe Clan,t,83499,8,0.0,104.31873,1401.2421,102.181625,1.0,5100.0,71,False,False,Banana,frozen,76561198068422762,0.0,FaZe Clan,t,8,inferno,4
268,89,0.0,-319.96667,896.92993,6.1462235,1.0,5000.0,100.0,False,False,TRamp,karrigan,7.656119798943026e+16,0.0,FaZe Clan,t,8.0,1.0,Natus Vincere,ct,0,1,83,generic,False,False,0.0,FaZe Clan,t,83505,8,0.0,704.2731,2113.0686,136.03133,1.0,4950.0,84,False,False,Banana,Aleksib,76561198013243326,0.0,Natus Vincere,ct,8,inferno,1
269,95,0.0,722.3031,2118.481,136.03131,1.0,4950.0,83.0,False,False,Banana,Aleksib,7.656119801324333e+16,0.0,Natus Vincere,ct,8.0,1.0,Natus Vincere,ct,0,4,63,generic,False,False,0.0,FaZe Clan,t,83512,8,0.0,104.413666,1401.104,102.1721,1.0,5100.0,67,False,False,Banana,frozen,76561198068422762,0.0,FaZe Clan,t,8,inferno,4
273,85,0.0,736.5489,2130.9993,136.03131,1.0,4950.0,83.0,False,False,Banana,Aleksib,7.656119801324333e+16,0.0,Natus Vincere,ct,8.0,1.0,Natus Vincere,ct,0,5,10,generic,False,False,0.0,FaZe Clan,t,83525,8,0.0,104.413666,1401.104,102.1721,1.0,5100.0,15,False,False,Banana,frozen,76561198068422762,0.0,FaZe Clan,t,8,inferno,5
275,89,0.0,-293.8686,914.791,13.57715,1.0,5000.0,100.0,False,False,TRamp,karrigan,7.656119798943026e+16,0.0,FaZe Clan,t,8.0,1.0,Natus Vincere,ct,0,4,79,generic,False,False,0.0,FaZe Clan,t,83543,8,0.0,732.1456,2116.978,136.03131,1.0,4950.0,83,False,False,Banana,Aleksib,76561198013243326,0.0,Natus Vincere,ct,8,inferno,4
276,89,0.0,635.4473,664.21027,103.10303,1.0,5000.0,100.0,False,False,Middle,karrigan,7.656119798943026e+16,0.0,FaZe Clan,t,8.0,1.0,Natus Vincere,ct,0,8,71,generic,False,False,0.0,FaZe Clan,t,83902,8,0.0,726.42334,2130.2869,136.03131,1.0,4950.0,79,False,False,Banana,Aleksib,76561198013243326,0.0,Natus Vincere,ct,8,inferno,8
277,89,0.0,661.24725,662.2,101.50659,1.0,5000.0,100.0,False,False,Middle,karrigan,7.656119798943026e+16,0.0,FaZe Clan,t,8.0,1.0,Natus Vincere,ct,0,8,63,generic,False,False,0.0,FaZe Clan,t,83915,8,0.0,693.40125,2109.5298,138.82689,1.0,4950.0,71,False,False,Banana,Aleksib,76561198013243326,0.0,Natus Vincere,ct,8,inferno,8
292,86,0.0,736.4871,2257.0327,136.03146,1.0,4250.0,63.0,False,False,BombsiteB,Aleksib,7.656119801324333e+16,0.0,Natus Vincere,ct,8.0,1.0,Natus Vincere,ct,14,22,78,generic,False,False,0.0,FaZe Clan,t,85390,8,0.0,275.16144,1860.591,129.60744,1.0,7450.0,100,False,False,Banana,broky,76561198201620490,0.0,FaZe Clan,t,8,hegrenade,36
294,89,0.0,1434.6749,190.36743,131.2908,0.0,4850.0,100.0,False,False,TopofMid,b1t,7.656119824660747e+16,1.0,Natus Vincere,ct,9.0,0.0,Natus Vincere,ct,0,0,100,generic,False,False,1.0,FaZe Clan,t,93029,9,0.0,1434.6749,190.36743,131.2908,0.0,4850.0,100,False,False,TopofMid,b1t,76561198246607476,1.0,Natus Vincere,ct,9,hegrenade,0
295,86,0.0,-272.44855,780.03186,24.793486,0.0,800.0,100.0,False,False,TRamp,frozen,7.656119806842277e+16,1.0,FaZe Clan,t,9.0,0.0,Natus Vincere,ct,0,0,100,generic,False,False,1.0,FaZe Clan,t,93456,9,0.0,-27.52594,898.3368,80.03125,0.0,6750.0,100,False,False,TRamp,broky,76561198201620490,1.0,FaZe Clan,t,9,hegrenade,0
311,95,0.0,-142.04309,913.82605,48.41777,0.0,4200.0,100.0,False,False,TRamp,frozen,7.656119806842277e+16,2.0,FaZe Clan,t,10.0,0.0,Natus Vincere,ct,5,8,92,generic,False,False,2.0,FaZe Clan,t,98814,10,0.0,316.3545,1930.0023,136.72911,0.0,5400.0,100,False,False,Banana,jL,76561198176878303,2.0,Natus Vincere,ct,10,hegrenade,13
312,99,0.0,-142.04309,913.82605,48.41777,0.0,4200.0,100.0,False,False,TRamp,frozen,7.656119806842277e+16,2.0,FaZe Clan,t,10.0,0.0,Natus Vincere,ct,1,1,99,generic,False,False,2.0,FaZe Clan,t,98814,10,0.0,697.2489,2114.5579,136.03133,0.0,5800.0,100,False,False,Banana,iM,76561198050250233,2.0,Natus Vincere,ct,10,hegrenade,2
313,100,0.0,2360.5713,1126.8499,171.48776,0.0,7950.0,100.0,False,False,BombsiteA,w0nderful,7.656119906306883e+16,2.0,Natus Vincere,ct,10.0,0.0,Natus Vincere,ct,0,8,92,generic,False,False,2.0,FaZe Clan,t,101533,10,0.0,1482.6469,528.6855,119.153656,0.0,4400.0,100,False,False,TopofMid,rain,76561197997351207,2.0,FaZe Clan,t,10,inferno,8
314,100,0.0,2366.1206,1125.0381,170.81944,0.0,7950.0,100.0,False,False,BombsiteA,w0nderful,7.656119906306883e+16,2.0,Natus Vincere,ct,10.0,0.0,Natus Vincere,ct,0,8,84,generic,False,False,2.0,FaZe Clan,t,101546,10,0.0,1484.8936,571.93274,118.779785,0.0,4400.0,92,False,False,TopofMid,rain,76561197997351207,2.0,FaZe Clan,t,10,inferno,8
382,80,0.0,95.85388,1530.9447,174.26256,2.0,3450.0,100.0,False,False,Banana,Aleksib,7.656119801324333e+16,0.0,Natus Vincere,t,13.0,2.0,FaZe Clan,ct,0,3,24,generic,False,False,0.0,Natus Vincere,t,131280,13,0.0,712.25055,2025.2562,136.03128,2.0,3900.0,27,False,False,Banana,jL,76561198176878303,0.0,Natus Vincere,t,13,inferno,3
383,80,0.0,105.43204,1564.3722,160.63377,2.0,3450.0,100.0,False,False,Banana,Aleksib,7.656119801324333e+16,0.0,Natus Vincere,t,13.0,2.0,FaZe Clan,ct,0,3,21,generic,False,False,0.0,Natus Vincere,t,131293,13,0.0,736.70306,2011.1747,136.03128,2.0,3900.0,24,False,False,Banana,jL,76561198176878303,0.0,Natus Vincere,t,13,inferno,3
384,80,0.0,121.04572,1594.7855,141.35416,2.0,3450.0,100.0,False,False,Banana,Aleksib,7.656119801324333e+16,0.0,Natus Vincere,t,13.0,2.0,FaZe Clan,ct,0,3,18,generic,False,False,0.0,Natus Vincere,t,131305,13,0.0,769.49695,2000.7347,136.03128,2.0,3900.0,21,False,False,Banana,jL,76561198176878303,0.0,Natus Vincere,t,13,inferno,3
419,84,0.0,1454.8807,627.5883,121.01364,0.0,4500.0,100.0,False,False,TopofMid,ropz,7.656119799127232e+16,1.0,FaZe Clan,ct,14.0,0.0,FaZe Clan,ct,16,24,76,generic,False,False,1.0,Natus Vincere,t,140054,14,0.0,152.96753,803.67944,80.03125,0.0,2400.0,100,False,False,Middle,Aleksib,76561198013243326,1.0,Natus Vincere,t,14,hegrenade,40
420,95,0.0,1454.8807,627.5883,121.01364,0.0,4500.0,100.0,False,False,TopofMid,ropz,7.656119799127232e+16,1.0,FaZe Clan,ct,14.0,0.0,FaZe Clan,ct,5,8,92,generic,False,False,1.0,Natus Vincere,t,140054,14,0.0,30.357279,902.57587,80.67315,0.0,2250.0,100,False,False,TRamp,jL,76561198176878303,1.0,Natus Vincere,t,14,hegrenade,13
421,95,0.0,771.8932,2165.7878,136.0313,0.0,5800.0,100.0,False,False,Banana,frozen,7.656119806842277e+16,1.0,FaZe Clan,ct,14.0,0.0,FaZe Clan,ct,0,1,91,generic,False,False,1.0,Natus Vincere,t,140780,14,0.0,-13.014893,1359.7938,104.031235,0.0,2250.0,92,False,False,Banana,jL,76561198176878303,1.0,Natus Vincere,t,14,inferno,1
422,95,0.0,781.5437,2147.0728,136.03131,0.0,5800.0,100.0,False,False,Banana,frozen,7.656119806842277e+16,1.0,FaZe Clan,ct,14.0,0.0,FaZe Clan,ct,0,2,89,generic,False,False,1.0,Natus Vincere,t,140793,14,0.0,31.04337,1360.4843,104.03125,0.0,2250.0,91,False,False,Banana,jL,76561198176878303,1.0,Natus Vincere,t,14,inferno,2
423,65,0.0,558.4887,2075.2268,139.20262,0.0,5800.0,100.0,False,False,Banana,frozen,7.656119806842277e+16,1.0,FaZe Clan,ct,14.0,0.0,FaZe Clan,ct,30,45,44,generic,False,False,1.0,Natus Vincere,t,140983,14,0.0,259.67398,1238.6552,109.633896,0.0,2250.0,89,False,False,Banana,jL,76561198176878303,1.0,Natus Vincere,t,14,hegrenade,75
460,0,0.0,1249.8193,176.86101,200.99016,0.0,3750.0,0.0,False,False,Apartments,broky,7.65611982016205e+16,2.0,FaZe Clan,ct,15.0,0.0,FaZe Clan,ct,0,11,89,generic,False,False,2.0,Natus Vincere,t,151148,15,0.0,891.38635,47.047485,204.32793,0.0,300.0,100,False,False,SecondMid,iM,76561198050250233,2.0,Natus Vincere,t,15,hegrenade,11
475,87,0.0,699.46606,2462.1218,138.72249,1.0,1550.0,100.0,False,False,BombsiteB,rain,7.65611979973512e+16,0.0,FaZe Clan,ct,16.0,1.0,FaZe Clan,ct,13,20,80,generic,False,False,0.0,Natus Vincere,t,158291,16,0.0,67.52868,1257.8301,96.60007,1.0,5200.0,100,False,False,Banana,Aleksib,76561198013243326,0.0,Natus Vincere,t,16,hegrenade,33
476,90,0.0,699.46606,2462.1218,138.72249,1.0,1550.0,100.0,False,False,BombsiteB,rain,7.65611979973512e+16,0.0,FaZe Clan,ct,16.0,1.0,FaZe Clan,ct,10,15,85,generic,False,False,0.0,Natus Vincere,t,158291,16,0.0,152.92378,944.795,82.76929,1.0,5600.0,100,False,False,Banana,w0nderful,76561199063068840,0.0,Natus Vincere,t,16,hegrenade,25
503,0,0.0,248.63837,-55.99164,65.53125,2.0,5100.0,100.0,False,False,SecondMid,b1t,7.656119824660747e+16,0.0,Natus Vincere,t,17.0,2.0,FaZe Clan,ct,0,1,99,generic,False,False,0.0,Natus Vincere,t,168869,17,0.0,1238.5146,62.37502,256.03125,2.0,200.0,100,False,False,Apartments,rain,76561197997351207,0.0,FaZe Clan,ct,17,inferno,1
504,0,0.0,284.60434,-35.006165,65.53125,2.0,5100.0,100.0,False,False,SecondMid,b1t,7.656119824660747e+16,0.0,Natus Vincere,t,17.0,2.0,FaZe Clan,ct,0,2,97,generic,False,False,0.0,Natus Vincere,t,168882,17,0.0,1242.1748,11.743328,256.03125,2.0,200.0,99,False,False,Apartments,rain,76561197997351207,0.0,FaZe Clan,ct,17,inferno,2
505,0,0.0,288.67886,0.5106088,65.53125,2.0,5100.0,100.0,False,False,SecondMid,b1t,7.656119824660747e+16,0.0,Natus Vincere,t,17.0,2.0,FaZe Clan,ct,0,3,94,generic,False,False,0.0,Natus Vincere,t,168895,17,0.0,1241.4906,-39.016235,256.03125,2.0,200.0,97,False,False,Apartments,rain,76561197997351207,0.0,FaZe Clan,ct,17,inferno,3
506,0,0.0,287.01257,33.69812,66.03125,2.0,5100.0,100.0,False,False,SecondMid,b1t,7.656119824660747e+16,0.0,Natus Vincere,t,17.0,2.0,FaZe Clan,ct,0,4,90,generic,False,False,0.0,Natus Vincere,t,168907,17,0.0,1237.674,-85.54584,256.03125,2.0,200.0,94,False,False,Apartments,rain,76561197997351207,0.0,FaZe Clan,ct,17,inferno,4
507,0,0.0,300.9686,42.6469,66.03125,2.0,5100.0,100.0,False,False,SecondMid,b1t,7.656119824660747e+16,0.0,Natus Vincere,t,17.0,2.0,FaZe Clan,ct,0,4,86,generic,False,False,0.0,Natus Vincere,t,168920,17,0.0,1228.7355,-135.40155,260.03125,2.0,200.0,90,False,False,Apartments,rain,76561197997351207,0.0,FaZe Clan,ct,17,inferno,4
508,0,0.0,300.50497,33.119602,66.03125,2.0,5100.0,100.0,False,False,SecondMid,b1t,7.656119824660747e+16,0.0,Natus Vincere,t,17.0,2.0,FaZe Clan,ct,0,5,81,generic,False,False,0.0,Natus Vincere,t,168933,17,0.0,1223.1497,-185.86938,260.03125,2.0,200.0,86,False,False,Apartments,rain,76561197997351207,0.0,FaZe Clan,ct,17,inferno,5
509,0,0.0,300.41888,31.205145,66.03125,2.0,5100.0,100.0,False,False,SecondMid,b1t,7.656119824660747e+16,0.0,Natus Vincere,t,17.0,2.0,FaZe Clan,ct,0,81,0,generic,False,False,0.0,Natus Vincere,t,168934,17,0.0,1222.803,-189.76025,260.03125,2.0,200.0,81,False,False,Apartments,rain,76561197997351207,0.0,FaZe Clan,ct,17,hegrenade,81
510,98,0.0,109.40191,1350.8932,99.48887,2.0,5400.0,100.0,False,False,Banana,Aleksib,7.656119801324333e+16,0.0,Natus Vincere,t,17.0,2.0,FaZe Clan,ct,2,3,97,generic,False,False,0.0,Natus Vincere,t,169202,17,0.0,859.3453,2152.7058,136.36629,2.0,1350.0,100,False,False,Banana,frozen,76561198068422762,0.0,FaZe Clan,ct,17,hegrenade,5
511,0,0.0,109.40191,1350.8932,99.48887,2.0,5400.0,100.0,False,False,Banana,Aleksib,7.656119801324333e+16,0.0,Natus Vincere,t,17.0,2.0,FaZe Clan,ct,0,1,99,generic,False,False,0.0,Natus Vincere,t,169202,17,0.0,649.1373,2656.3828,147.79701,2.0,200.0,100,False,False,BombsiteB,karrigan,76561197989430253,0.0,FaZe Clan,ct,17,hegrenade,1
512,0,0.0,257.04135,1650.8846,116.067825,2.0,5100.0,100.0,False,False,Banana,jL,7.65611981768783e+16,0.0,Natus Vincere,t,17.0,2.0,FaZe Clan,ct,0,3,96,generic,False,False,0.0,Natus Vincere,t,169219,17,0.0,647.4181,2669.0095,147.97057,2.0,200.0,99,False,False,BombsiteB,karrigan,76561197989430253,0.0,FaZe Clan,ct,17,hegrenade,3
513,98,0.0,257.04135,1650.8846,116.067825,2.0,5100.0,100.0,False,False,Banana,jL,7.65611981768783e+16,0.0,Natus Vincere,t,17.0,2.0,FaZe Clan,ct,0,1,96,generic,False,False,0.0,Natus Vincere,t,169219,17,0.0,867.7746,2138.5269,136.36629,2.0,1350.0,97,False,False,Banana,frozen,76561198068422762,0.0,FaZe Clan,ct,17,hegrenade,1
516,61,0.0,649.8786,1998.4106,136.03127,2.0,5400.0,100.0,False,False,Banana,Aleksib,7.656119801324333e+16,0.0,Natus Vincere,t,17.0,2.0,FaZe Clan,ct,0,8,92,generic,False,False,0.0,Natus Vincere,t,169733,17,0.0,649.8786,1998.4106,136.03127,2.0,5400.0,100,False,False,Banana,Aleksib,76561198013243326,0.0,Natus Vincere,t,17,inferno,8
533,100,0.0,252.51651,1697.1438,117.01052,3.0,5600.0,100.0,False,False,Banana,jL,7.65611981768783e+16,0.0,Natus Vincere,t,18.0,3.0,FaZe Clan,ct,0,0,100,generic,False,False,0.0,Natus Vincere,t,176226,18,0.0,762.57074,2680.0967,136.03148,3.0,4750.0,100,False,False,BombsiteB,frozen,76561198068422762,0.0,FaZe Clan,ct,18,hegrenade,0
555,83,0.0,1354.5552,222.98952,134.02647,3.0,4250.0,100.0,False,False,TopofMid,karrigan,7.656119798943026e+16,0.0,FaZe Clan,ct,18.0,3.0,FaZe Clan,ct,0,0,73,generic,False,False,0.0,Natus Vincere,t,182688,18,0.0,1612.2914,122.69408,132.81606,3.0,4600.0,73,False,False,BombsiteA,jL,76561198176878303,0.0,Natus Vincere,t,18,hegrenade,0
557,83,0.0,1994.3635,537.8277,160.03125,3.0,4750.0,100.0,False,False,BombsiteA,frozen,7.656119806842277e+16,0.0,FaZe Clan,ct,18.0,3.0,FaZe Clan,ct,0,0,73,generic,False,False,0.0,Natus Vincere,t,183111,18,0.0,1823.8219,-88.75098,142.03125,3.0,4600.0,73,False,False,BombsiteA,jL,76561198176878303,0.0,Natus Vincere,t,18,molotov,0
558,83,0.0,1994.3635,537.8277,160.03125,3.0,4750.0,100.0,False,False,BombsiteA,frozen,7.656119806842277e+16,0.0,FaZe Clan,ct,18.0,3.0,FaZe Clan,ct,0,1,72,generic,False,False,0.0,Natus Vincere,t,183111,18,0.0,1823.8219,-88.75098,142.03125,3.0,4600.0,73,False,False,BombsiteA,jL,76561198176878303,0.0,Natus Vincere,t,18,molotov,1
559,83,0.0,1819.0525,365.672,161.13123,3.0,4750.0,100.0,False,False,BombsiteA,frozen,7.656119806842277e+16,0.0,FaZe Clan,ct,18.0,3.0,FaZe Clan,ct,0,1,71,generic,False,False,0.0,Natus Vincere,t,183185,18,0.0,1788.5272,27.262257,127.94662,3.0,4600.0,72,False,False,BombsiteA,jL,76561198176878303,0.0,Natus Vincere,t,18,inferno,1
588,93,,826.49475,2301.3486,136.03148,,,100.0,,,BombsiteB,jL,7.65611981768783e+16,,Natus Vincere,ct,1.0,,Natus Vincere,ct,7,10,90,generic,,,,FaZe Clan,t,15110,1,,168.03354,1131.6516,91.166336,,,100,,,Banana,frozen,76561198068422762,,FaZe Clan,t,1,hegrenade,17
589,100,,956.4687,711.96875,105.976616,,,100.0,,,Middle,karrigan,7.656119798943026e+16,,FaZe Clan,t,1.0,,Natus Vincere,ct,0,8,92,generic,,,,FaZe Clan,t,15180,1,,1334.2546,232.57031,138.03125,,,100,,,TopofMid,b1t,76561198246607476,,Natus Vincere,ct,1,inferno,8
590,100,,-7.640991,1348.2954,104.03125,,,90.0,,,Banana,frozen,7.656119806842277e+16,,FaZe Clan,t,1.0,,Natus Vincere,ct,0,0,100,generic,,,,FaZe Clan,t,15313,1,,823.07916,2332.8616,136.03146,,,100,,,BombsiteB,jL,76561198176878303,,Natus Vincere,ct,1,hegrenade,0
591,100,,-7.640991,1348.2954,104.03125,,,90.0,,,Banana,frozen,7.656119806842277e+16,,FaZe Clan,t,1.0,,Natus Vincere,ct,0,1,99,generic,,,,FaZe Clan,t,15313,1,,823.07916,2332.8616,136.03146,,,100,,,BombsiteB,jL,76561198176878303,,Natus Vincere,ct,1,hegrenade,1
592,63,,-12.004272,1351.7451,104.03124,,,90.0,,,Banana,frozen,7.656119806842277e+16,,FaZe Clan,t,1.0,,Natus Vincere,ct,37,56,43,generic,,,,FaZe Clan,t,15319,1,,824.4938,2330.998,136.03146,,,99,,,BombsiteB,jL,76561198176878303,,Natus Vincere,ct,1,hegrenade,93
593,98,,956.47076,711.8861,105.97606,,,100.0,,,Middle,karrigan,7.656119798943026e+16,,FaZe Clan,t,1.0,,Natus Vincere,ct,2,3,89,generic,,,,FaZe Clan,t,15541,1,,1546.7649,114.83137,132.03125,,,92,,,TopofMid,b1t,76561198246607476,,Natus Vincere,ct,1,hegrenade,5
620,78,,35.66158,911.6532,81.022736,,,100.0,,,TRamp,frozen,7.656119806842277e+16,,FaZe Clan,t,2.0,,Natus Vincere,ct,19,29,71,generic,,,,FaZe Clan,t,26066,2,,515.4973,1939.6309,136.03125,,,100,,,Banana,w0nderful,76561199063068840,,Natus Vincere,ct,2,hegrenade,48
621,78,,208.08044,1393.3584,107.15139,,,100.0,,,Banana,karrigan,7.656119798943026e+16,,FaZe Clan,t,2.0,,Natus Vincere,ct,0,1,70,generic,,,,FaZe Clan,t,26097,2,,470.02103,1912.7428,136.03125,,,71,,,Banana,w0nderful,76561199063068840,,Natus Vincere,ct,2,inferno,1
622,78,,213.43018,1393.7177,108.1234,,,100.0,,,Banana,karrigan,7.656119798943026e+16,,FaZe Clan,t,2.0,,Natus Vincere,ct,0,2,68,generic,,,,FaZe Clan,t,26110,2,,444.4341,1907.9642,136.03125,,,70,,,Banana,w0nderful,76561199063068840,,Natus Vincere,ct,2,inferno,2
623,78,,238.12155,1385.1515,110.13595,,,100.0,,,Banana,karrigan,7.656119798943026e+16,,FaZe Clan,t,2.0,,Natus Vincere,ct,0,3,65,generic,,,,FaZe Clan,t,26123,2,,415.3772,1914.9517,136.03123,,,68,,,Banana,w0nderful,76561199063068840,,Natus Vincere,ct,2,inferno,3
624,78,,273.74908,1378.9987,111.87132,,,100.0,,,Banana,karrigan,7.656119798943026e+16,,FaZe Clan,t,2.0,,Natus Vincere,ct,0,4,61,generic,,,,FaZe Clan,t,26135,2,,386.74847,1923.921,136.03122,,,65,,,Banana,w0nderful,76561199063068840,,Natus Vincere,ct,2,inferno,4
625,78,,275.96848,1376.7198,111.83632,,,100.0,,,Banana,karrigan,7.656119798943026e+16,,FaZe Clan,t,2.0,,Natus Vincere,ct,0,4,57,generic,,,,FaZe Clan,t,26148,2,,373.37064,1928.0553,136.03122,,,61,,,Banana,w0nderful,76561199063068840,,Natus Vincere,ct,2,inferno,4
643,84,,926.24304,2007.9196,136.28076,,,100.0,,,Banana,jL,7.65611981768783e+16,,Natus Vincere,ct,3.0,,Natus Vincere,ct,16,25,75,generic,,,,FaZe Clan,t,32156,3,,190.47455,1259.3318,99.9919,,,100,,,Banana,frozen,76561198068422762,,FaZe Clan,t,3,hegrenade,41
644,84,,863.9686,2404.169,189.80641,,,100.0,,,BombsiteB,iM,7.656119805025024e+16,,Natus Vincere,ct,3.0,,Natus Vincere,ct,0,1,74,generic,,,,FaZe Clan,t,32278,3,,48.52504,1379.0051,104.03124,,,75,,,Banana,frozen,76561198068422762,,FaZe Clan,t,3,inferno,1
645,84,,863.9719,2409.4634,191.34196,,,100.0,,,BombsiteB,iM,7.656119805025024e+16,,Natus Vincere,ct,3.0,,Natus Vincere,ct,0,2,72,generic,,,,FaZe Clan,t,32291,3,,77.63934,1396.8655,102.925896,,,74,,,Banana,frozen,76561198068422762,,FaZe Clan,t,3,inferno,2
646,84,,863.9751,2416.7473,159.86969,,,100.0,,,BombsiteB,iM,7.656119805025024e+16,,Natus Vincere,ct,3.0,,Natus Vincere,ct,0,3,69,generic,,,,FaZe Clan,t,32304,3,,100.939964,1428.2885,103.13258,,,72,,,Banana,frozen,76561198068422762,,FaZe Clan,t,3,inferno,3
647,84,,863.9754,2427.2952,140.0843,,,100.0,,,BombsiteB,iM,7.656119805025024e+16,,Natus Vincere,ct,3.0,,Natus Vincere,ct,0,4,65,generic,,,,FaZe Clan,t,32316,3,,119.878716,1462.2885,103.59334,,,69,,,Banana,frozen,76561198068422762,,FaZe Clan,t,3,inferno,4
648,76,,817.469,2462.9214,136.03146,,,100.0,,,BombsiteB,iM,7.656119805025024e+16,,Natus Vincere,ct,3.0,,Natus Vincere,ct,8,13,52,generic,,,,FaZe Clan,t,32734,3,,277.17612,1576.8622,122.588486,,,65,,,Banana,frozen,76561198068422762,,FaZe Clan,t,3,hegrenade,21
652,100,,-22.899048,879.11584,80.03125,,,100.0,,,TRamp,karrigan,7.656119798943026e+16,,FaZe Clan,t,3.0,,Natus Vincere,ct,0,1,99,generic,,,,FaZe Clan,t,32875,3,,394.39413,1986.812,136.03122,,,100,,,Banana,jL,76561198176878303,,Natus Vincere,ct,3,inferno,1
653,100,,-41.022278,889.6249,78.597565,,,100.0,,,TRamp,karrigan,7.656119798943026e+16,,FaZe Clan,t,3.0,,Natus Vincere,ct,0,2,97,generic,,,,FaZe Clan,t,32888,3,,400.39325,1985.0189,136.03122,,,99,,,Banana,jL,76561198176878303,,Natus Vincere,ct,3,inferno,2
654,100,,-59.158752,912.6511,74.24723,,,100.0,,,TRamp,karrigan,7.656119798943026e+16,,FaZe Clan,t,3.0,,Natus Vincere,ct,0,3,94,generic,,,,FaZe Clan,t,32901,3,,404.59494,1978.5062,136.03123,,,97,,,Banana,jL,76561198176878303,,Natus Vincere,ct,3,inferno,3
655,100,,423.67413,1762.0472,134.03122,,,94.0,,,Banana,jL,7.65611981768783e+16,,Natus Vincere,ct,3.0,,Natus Vincere,ct,0,8,92,generic,,,,FaZe Clan,t,33063,3,,67.44061,1262.0748,96.77915,,,100,,,Banana,karrigan,76561197989430253,,FaZe Clan,t,3,inferno,8
656,100,,423.67413,1762.0472,134.03122,,,94.0,,,Banana,jL,7.65611981768783e+16,,Natus Vincere,ct,3.0,,Natus Vincere,ct,0,8,84,generic,,,,FaZe Clan,t,33075,3,,66.669945,1299.088,98.39912,,,92,,,Banana,karrigan,76561197989430253,,FaZe Clan,t,3,inferno,8
657,100,,423.67413,1762.0472,134.03122,,,94.0,,,Banana,jL,7.65611981768783e+16,,Natus Vincere,ct,3.0,,Natus Vincere,ct,0,8,76,generic,,,,FaZe Clan,t,33088,3,,66.48749,1336.4174,100.33406,,,84,,,Banana,karrigan,76561197989430253,,FaZe Clan,t,3,inferno,8
658,100,,423.67413,1762.0472,134.03122,,,94.0,,,Banana,jL,7.65611981768783e+16,,Natus Vincere,ct,3.0,,Natus Vincere,ct,0,8,68,generic,,,,FaZe Clan,t,33101,3,,78.64788,1377.0669,101.95754,,,76,,,Banana,karrigan,76561197989430253,,FaZe Clan,t,3,inferno,8
660,64,,868.8561,2183.755,136.36627,,,100.0,,,Banana,Aleksib,7.656119801324333e+16,,Natus Vincere,ct,3.0,,Natus Vincere,ct,32,49,0,generic,,,,FaZe Clan,t,33634,3,,423.7483,1761.9598,134.03122,,,40,,,Banana,karrigan,76561197989430253,,FaZe Clan,t,3,hegrenade,81
676,0,,816.2849,2524.6062,136.03146,,,100.0,,,BombsiteB,Aleksib,7.656119801324333e+16,,Natus Vincere,ct,4.0,,Natus Vincere,ct,0,2,98,generic,,,,FaZe Clan,t,45161,4,,173.96722,1016.2146,85.561714,,,100,,,Banana,frozen,76561198068422762,,FaZe Clan,t,4,hegrenade,2
677,0,,2530.5332,-98.525635,96.66715,,,100.0,,,Pit,b1t,7.656119824660747e+16,,Natus Vincere,ct,4.0,,Natus Vincere,ct,0,1,99,generic,,,,FaZe Clan,t,46046,4,,1277.8604,564.04193,125.03125,,,100,,,Middle,rain,76561197997351207,,FaZe Clan,t,4,hegrenade,1
678,0,,1.0299629,2673.828,161.03125,,,100.0,,,BombsiteB,jL,7.65611981768783e+16,,Natus Vincere,ct,4.0,,Natus Vincere,ct,0,1,97,generic,,,,FaZe Clan,t,46651,4,,655.86206,2486.8635,189.03125,,,98,,,BombsiteB,frozen,76561198068422762,,FaZe Clan,t,4,inferno,1
679,0,,1.0313703,2643.7334,161.03125,,,100.0,,,BombsiteB,jL,7.65611981768783e+16,,Natus Vincere,ct,4.0,,Natus Vincere,ct,0,2,95,generic,,,,FaZe Clan,t,46664,4,,647.1868,2486.3203,189.03125,,,97,,,BombsiteB,frozen,76561198068422762,,FaZe Clan,t,4,inferno,2
680,0,,1.0291644,2602.927,161.03125,,,100.0,,,BombsiteB,jL,7.65611981768783e+16,,Natus Vincere,ct,4.0,,Natus Vincere,ct,0,3,92,generic,,,,FaZe Clan,t,46677,4,,647.2076,2469.2285,189.03125,,,95,,,BombsiteB,frozen,76561198068422762,,FaZe Clan,t,4,inferno,3
682,0,,1.1506908,2562.6453,161.03125,,,100.0,,,BombsiteB,jL,7.65611981768783e+16,,Natus Vincere,ct,4.0,,Natus Vincere,ct,0,4,88,generic,,,,FaZe Clan,t,46689,4,,655.1418,2439.0312,189.03125,,,92,,,BombsiteB,frozen,76561198068422762,,FaZe Clan,t,4,inferno,4
684,0,,1.5180379,2531.5173,161.03125,,,100.0,,,BombsiteB,jL,7.65611981768783e+16,,Natus Vincere,ct,4.0,,Natus Vincere,ct,0,4,84,generic,,,,FaZe Clan,t,46702,4,,663.80096,2439.373,182.21582,,,88,,,BombsiteB,frozen,76561198068422762,,FaZe Clan,t,4,inferno,4
687,0,,1.4269322,2530.8787,161.03125,,,100.0,,,BombsiteB,jL,7.65611981768783e+16,,Natus Vincere,ct,4.0,,Natus Vincere,ct,0,5,79,generic,,,,FaZe Clan,t,46715,4,,672.6059,2439.3699,144.94386,,,84,,,BombsiteB,frozen,76561198068422762,,FaZe Clan,t,4,inferno,5
688,0,,2.9037652,2508.1465,161.03125,,,100.0,,,BombsiteB,jL,7.65611981768783e+16,,Natus Vincere,ct,4.0,,Natus Vincere,ct,0,8,92,generic,,,,FaZe Clan,t,46933,4,,662.54126,2463.8381,187.1344,,,100,,,BombsiteB,karrigan,76561197989430253,,FaZe Clan,t,4,inferno,8
689,0,,2.2642245,2511.9546,161.03125,,,100.0,,,BombsiteB,jL,7.65611981768783e+16,,Natus Vincere,ct,4.0,,Natus Vincere,ct,0,8,84,generic,,,,FaZe Clan,t,46958,4,,640.03064,2444.1199,189.03125,,,92,,,BombsiteB,karrigan,76561197989430253,,FaZe Clan,t,4,inferno,8
690,0,,2.017143,2514.4136,161.03125,,,100.0,,,BombsiteB,jL,7.65611981768783e+16,,Natus Vincere,ct,4.0,,Natus Vincere,ct,0,8,76,generic,,,,FaZe Clan,t,46971,4,,640.031,2439.0312,189.03125,,,84,,,BombsiteB,karrigan,76561197989430253,,FaZe Clan,t,4,inferno,8
691,87,,446.48395,2448.5244,167.03125,,,85.0,,,BombsiteB,Aleksib,7.656119801324333e+16,,Natus Vincere,ct,4.0,,Natus Vincere,ct,0,2,98,generic,,,,FaZe Clan,t,47004,4,,862.99023,2599.8047,140.0843,,,100,,,BombsiteB,ropz,76561197991272318,,FaZe Clan,t,4,inferno,2
692,87,,430.69528,2447.8057,167.03125,,,85.0,,,BombsiteB,Aleksib,7.656119801324333e+16,,Natus Vincere,ct,4.0,,Natus Vincere,ct,0,3,95,generic,,,,FaZe Clan,t,47017,4,,862.915,2605.7083,140.0843,,,98,,,BombsiteB,ropz,76561197991272318,,FaZe Clan,t,4,inferno,3
693,0,,430.69528,2447.8057,167.03125,,,85.0,,,BombsiteB,Aleksib,7.656119801324333e+16,,Natus Vincere,ct,4.0,,Natus Vincere,ct,0,3,76,generic,,,,FaZe Clan,t,47017,4,,830.11615,2536.206,140.0843,,,79,,,BombsiteB,frozen,76561198068422762,,FaZe Clan,t,4,inferno,3
694,87,,447.06598,2439.0312,167.03125,,,85.0,,,BombsiteB,Aleksib,7.656119801324333e+16,,Natus Vincere,ct,4.0,,Natus Vincere,ct,0,4,91,generic,,,,FaZe Clan,t,47029,4,,863.51294,2600.6729,140.0843,,,95,,,BombsiteB,ropz,76561197991272318,,FaZe Clan,t,4,inferno,4
695,0,,447.06598,2439.0312,167.03125,,,85.0,,,BombsiteB,Aleksib,7.656119801324333e+16,,Natus Vincere,ct,4.0,,Natus Vincere,ct,0,4,72,generic,,,,FaZe Clan,t,47029,4,,834.32776,2568.6416,140.0843,,,76,,,BombsiteB,frozen,76561198068422762,,FaZe Clan,t,4,inferno,4
696,87,,479.7967,2439.0312,167.03125,,,85.0,,,BombsiteB,Aleksib,7.656119801324333e+16,,Natus Vincere,ct,4.0,,Natus Vincere,ct,0,4,87,generic,,,,FaZe Clan,t,47042,4,,862.4584,2617.111,140.0843,,,91,,,BombsiteB,ropz,76561197991272318,,FaZe Clan,t,4,inferno,4
697,0,,479.7967,2439.0312,167.03125,,,85.0,,,BombsiteB,Aleksib,7.656119801324333e+16,,Natus Vincere,ct,4.0,,Natus Vincere,ct,0,4,68,generic,,,,FaZe Clan,t,47042,4,,837.3999,2552.0234,140.0843,,,72,,,BombsiteB,frozen,76561198068422762,,FaZe Clan,t,4,inferno,4
698,87,,495.7122,2439.0312,167.03125,,,85.0,,,BombsiteB,Aleksib,7.656119801324333e+16,,Natus Vincere,ct,4.0,,Natus Vincere,ct,0,5,82,generic,,,,FaZe Clan,t,47055,4,,863.4449,2651.5261,140.0843,,,87,,,BombsiteB,ropz,76561197991272318,,FaZe Clan,t,4,inferno,5
701,0,,471.5292,2442.3672,167.03125,,,85.0,,,BombsiteB,Aleksib,7.656119801324333e+16,,Natus Vincere,ct,4.0,,Natus Vincere,ct,0,6,70,generic,,,,FaZe Clan,t,47068,4,,646.07416,2495.392,189.03125,,,76,,,BombsiteB,karrigan,76561197989430253,,FaZe Clan,t,4,inferno,6
702,81,,471.5292,2442.3672,167.03125,,,85.0,,,BombsiteB,Aleksib,7.656119801324333e+16,,Natus Vincere,ct,4.0,,Natus Vincere,ct,0,6,24,generic,,,,FaZe Clan,t,47068,4,,867.0536,2659.227,140.0843,,,30,,,BombsiteB,ropz,76561197991272318,,FaZe Clan,t,4,inferno,6
704,0,,436.99713,2443.8591,168.03123,,,85.0,,,BombsiteB,Aleksib,7.656119801324333e+16,,Natus Vincere,ct,4.0,,Natus Vincere,ct,0,7,63,generic,,,,FaZe Clan,t,47081,4,,652.332,2517.9153,189.03125,,,70,,,BombsiteB,karrigan,76561197989430253,,FaZe Clan,t,4,inferno,7
705,0,,436.99713,2443.8591,168.03123,,,85.0,,,BombsiteB,Aleksib,7.656119801324333e+16,,Natus Vincere,ct,4.0,,Natus Vincere,ct,0,7,61,generic,,,,FaZe Clan,t,47081,4,,863.9711,2561.9346,140.0843,,,68,,,BombsiteB,frozen,76561198068422762,,FaZe Clan,t,4,inferno,7
706,0,,430.85794,2439.876,168.03123,,,85.0,,,BombsiteB,Aleksib,7.656119801324333e+16,,Natus Vincere,ct,4.0,,Natus Vincere,ct,0,8,55,generic,,,,FaZe Clan,t,47093,4,,653.7525,2521.7908,189.03125,,,63,,,BombsiteB,karrigan,76561197989430253,,FaZe Clan,t,4,inferno,8
707,0,,430.85794,2439.876,168.03123,,,85.0,,,BombsiteB,Aleksib,7.656119801324333e+16,,Natus Vincere,ct,4.0,,Natus Vincere,ct,0,8,53,generic,,,,FaZe Clan,t,47093,4,,863.44324,2603.7805,140.0843,,,61,,,BombsiteB,frozen,76561198068422762,,FaZe Clan,t,4,inferno,8
708,0,,451.02045,2442.2515,167.03125,,,85.0,,,BombsiteB,Aleksib,7.656119801324333e+16,,Natus Vincere,ct,4.0,,Natus Vincere,ct,0,8,47,generic,,,,FaZe Clan,t,47106,4,,649.8798,2523.8518,189.03125,,,55,,,BombsiteB,karrigan,76561197989430253,,FaZe Clan,t,4,inferno,8
709,0,,451.02045,2442.2515,167.03125,,,85.0,,,BombsiteB,Aleksib,7.656119801324333e+16,,Natus Vincere,ct,4.0,,Natus Vincere,ct,0,8,45,generic,,,,FaZe Clan,t,47106,4,,860.6462,2643.3154,140.0843,,,53,,,BombsiteB,frozen,76561198068422762,,FaZe Clan,t,4,inferno,8
712,0,,485.9476,2439.0312,167.03125,,,85.0,,,BombsiteB,Aleksib,7.656119801324333e+16,,Natus Vincere,ct,4.0,,Natus Vincere,ct,0,8,39,generic,,,,FaZe Clan,t,47119,4,,646.9667,2544.556,189.03125,,,47,,,BombsiteB,karrigan,76561197989430253,,FaZe Clan,t,4,inferno,8
713,0,,485.9476,2439.0312,167.03125,,,85.0,,,BombsiteB,Aleksib,7.656119801324333e+16,,Natus Vincere,ct,4.0,,Natus Vincere,ct,0,8,37,generic,,,,FaZe Clan,t,47119,4,,858.06415,2663.87,140.0843,,,45,,,BombsiteB,frozen,76561198068422762,,FaZe Clan,t,4,inferno,8
715,0,,493.34018,2439.0312,167.03125,,,85.0,,,BombsiteB,Aleksib,7.656119801324333e+16,,Natus Vincere,ct,4.0,,Natus Vincere,ct,0,8,31,generic,,,,FaZe Clan,t,47132,4,,630.5149,2551.9243,202.68596,,,39,,,BombsiteB,karrigan,76561197989430253,,FaZe Clan,t,4,inferno,8
716,0,,493.34018,2439.0312,167.03125,,,85.0,,,BombsiteB,Aleksib,7.656119801324333e+16,,Natus Vincere,ct,4.0,,Natus Vincere,ct,0,8,29,generic,,,,FaZe Clan,t,47132,4,,861.82104,2638.676,140.0843,,,37,,,BombsiteB,frozen,76561198068422762,,FaZe Clan,t,4,inferno,8
719,0,,477.5146,2439.0312,167.03125,,,85.0,,,BombsiteB,Aleksib,7.656119801324333e+16,,Natus Vincere,ct,4.0,,Natus Vincere,ct,0,8,21,generic,,,,FaZe Clan,t,47145,4,,865.88574,2604.536,140.0843,,,29,,,BombsiteB,frozen,76561198068422762,,FaZe Clan,t,4,inferno,8
720,0,,480.71982,2439.0312,167.03125,,,85.0,,,BombsiteB,Aleksib,7.656119801324333e+16,,Natus Vincere,ct,4.0,,Natus Vincere,ct,0,8,13,generic,,,,FaZe Clan,t,47157,4,,858.0577,2612.1167,140.0843,,,21,,,BombsiteB,frozen,76561198068422762,,FaZe Clan,t,4,inferno,8
729,100,,297.64166,-250.37695,99.03126,,,100.0,,,SecondMid,ropz,7.656119799127232e+16,,FaZe Clan,t,5.0,,Natus Vincere,ct,0,4,96,generic,,,,FaZe Clan,t,49750,5,,1235.961,28.06983,266.36847,,,100,,,Apartments,b1t,76561198246607476,,Natus Vincere,ct,5,inferno,4
730,100,,317.53894,-280.42963,97.03124,,,100.0,,,SecondMid,ropz,7.656119799127232e+16,,FaZe Clan,t,5.0,,Natus Vincere,ct,0,4,92,generic,,,,FaZe Clan,t,49763,5,,1209.7538,21.958176,303.94693,,,96,,,Apartments,b1t,76561198246607476,,Natus Vincere,ct,5,inferno,4
731,100,,293.5993,-275.3985,99.03125,,,100.0,,,SecondMid,ropz,7.656119799127232e+16,,FaZe Clan,t,5.0,,Natus Vincere,ct,0,5,87,generic,,,,FaZe Clan,t,49776,5,,1191.0771,39.260082,308.5176,,,92,,,Apartments,b1t,76561198246607476,,Natus Vincere,ct,5,inferno,5
732,98,,1209.2863,303.93613,128.03125,,,87.0,,,Apartments,b1t,7.656119824660747e+16,,Natus Vincere,ct,5.0,,Natus Vincere,ct,2,4,96,generic,,,,FaZe Clan,t,50076,5,,953.9683,156.51904,162.03125,,,100,,,SecondMid,rain,76561197997351207,,FaZe Clan,t,5,hegrenade,6
738,100,,2289.1543,-69.46326,111.57024,,,100.0,,,BombsiteA,w0nderful,7.656119906306883e+16,,Natus Vincere,ct,5.0,,Natus Vincere,ct,0,7,93,generic,,,,FaZe Clan,t,55598,5,,1466.514,179.1354,177.41623,,,100,,,TopofMid,karrigan,76561197989430253,,FaZe Clan,t,5,inferno,7
739,100,,2291.343,-60.6109,112.575775,,,100.0,,,BombsiteA,w0nderful,7.656119906306883e+16,,Natus Vincere,ct,5.0,,Natus Vincere,ct,0,8,85,generic,,,,FaZe Clan,t,55610,5,,1474.8134,131.89384,180.60977,,,93,,,TopofMid,karrigan,76561197989430253,,FaZe Clan,t,5,inferno,8
751,77,,925.17535,1986.402,136.03128,,,100.0,,,Banana,jL,7.65611981768783e+16,,Natus Vincere,ct,6.0,,Natus Vincere,ct,20,30,70,generic,,,,FaZe Clan,t,64136,6,,199.24419,1298.8086,102.42842,,,100,,,Banana,karrigan,76561197989430253,,FaZe Clan,t,6,hegrenade,50
752,92,,925.17535,1986.402,136.03128,,,100.0,,,Banana,jL,7.65611981768783e+16,,Natus Vincere,ct,6.0,,Natus Vincere,ct,8,13,87,generic,,,,FaZe Clan,t,64136,6,,134.561,1227.3693,93.325424,,,100,,,Banana,frozen,76561198068422762,,FaZe Clan,t,6,hegrenade,21
753,100,,925.17535,1986.402,136.03128,,,100.0,,,Banana,jL,7.65611981768783e+16,,Natus Vincere,ct,6.0,,Natus Vincere,ct,0,0,100,generic,,,,FaZe Clan,t,64136,6,,155.5997,1081.418,88.29608,,,100,,,Banana,broky,76561198201620490,,FaZe Clan,t,6,hegrenade,0
755,100,,785.7946,2303.6868,136.03146,,,100.0,,,Banana,w0nderful,7.656119906306883e+16,,Natus Vincere,ct,6.0,,Natus Vincere,ct,0,0,100,generic,,,,FaZe Clan,t,64279,6,,81.802895,1312.7743,98.10714,,,100,,,Banana,broky,76561198201620490,,FaZe Clan,t,6,molotov,0
756,100,,785.7946,2303.6868,136.03146,,,100.0,,,Banana,w0nderful,7.656119906306883e+16,,Natus Vincere,ct,6.0,,Natus Vincere,ct,0,1,99,generic,,,,FaZe Clan,t,64279,6,,81.802895,1312.7743,98.10714,,,100,,,Banana,broky,76561198201620490,,FaZe Clan,t,6,molotov,1
757,96,,274.3817,1311.7816,111.30887,,,87.0,,,Banana,frozen,7.656119806842277e+16,,FaZe Clan,t,6.0,,Natus Vincere,ct,4,7,93,generic,,,,FaZe Clan,t,64295,6,,1038.8082,1852.2466,144.03125,,,100,,,Banana,jL,76561198176878303,,Natus Vincere,ct,6,hegrenade,11
758,85,,322.63458,1695.7921,127.05868,,,70.0,,,Banana,karrigan,7.656119798943026e+16,,FaZe Clan,t,6.0,,Natus Vincere,ct,11,16,77,generic,,,,FaZe Clan,t,64405,6,,1037.0273,1885.8402,144.03125,,,93,,,Banana,jL,76561198176878303,,Natus Vincere,ct,6,hegrenade,27
759,78,,222.65527,1601.8042,110.83338,,,99.0,,,Banana,broky,7.65611982016205e+16,,FaZe Clan,t,6.0,,Natus Vincere,ct,7,10,67,generic,,,,FaZe Clan,t,64428,6,,1036.9694,1883.8594,144.03125,,,77,,,Banana,jL,76561198176878303,,Natus Vincere,ct,6,hegrenade,17
760,100,,214.08556,1449.206,108.7579,,,87.0,,,Banana,frozen,7.656119806842277e+16,,FaZe Clan,t,6.0,,Natus Vincere,ct,0,1,99,generic,,,,FaZe Clan,t,64711,6,,809.8121,2473.6304,136.03146,,,100,,,BombsiteB,iM,76561198050250233,,Natus Vincere,ct,6,inferno,1
761,71,,658.0315,2534.158,144.39511,,,99.0,,,BombsiteB,iM,7.656119805025024e+16,,Natus Vincere,ct,6.0,,Natus Vincere,ct,6,9,61,generic,,,,FaZe Clan,t,64781,6,,316.358,1966.1268,145.71365,,,70,,,Banana,karrigan,76561197989430253,,FaZe Clan,t,6,hegrenade,15
762,98,,658.0315,2534.158,144.39511,,,99.0,,,BombsiteB,iM,7.656119805025024e+16,,Natus Vincere,ct,6.0,,Natus Vincere,ct,2,4,95,generic,,,,FaZe Clan,t,64781,6,,144.17783,1603.3191,108.76447,,,99,,,Banana,broky,76561198201620490,,FaZe Clan,t,6,hegrenade,6
763,91,,658.0315,2534.158,144.39511,,,99.0,,,BombsiteB,iM,7.656119805025024e+16,,Natus Vincere,ct,6.0,,Natus Vincere,ct,1,2,85,generic,,,,FaZe Clan,t,64781,6,,241.23093,1496.621,113.81766,,,87,,,Banana,frozen,76561198068422762,,FaZe Clan,t,6,hegrenade,3
767,100,,368.01392,1785.4148,130.72424,,,85.0,,,Banana,frozen,7.656119806842277e+16,,FaZe Clan,t,6.0,,Natus Vincere,ct,0,8,91,generic,,,,FaZe Clan,t,65095,6,,852.5539,2469.5872,140.0843,,,99,,,BombsiteB,iM,76561198050250233,,Natus Vincere,ct,6,inferno,8
768,100,,403.8924,1772.2241,134.03122,,,85.0,,,Banana,frozen,7.656119806842277e+16,,FaZe Clan,t,6.0,,Natus Vincere,ct,0,8,83,generic,,,,FaZe Clan,t,65108,6,,863.9686,2426.2283,140.0843,,,91,,,BombsiteB,iM,76561198050250233,,Natus Vincere,ct,6,inferno,8
770,100,,422.21344,1759.1844,134.03122,,,85.0,,,Banana,frozen,7.656119806842277e+16,,FaZe Clan,t,6.0,,Natus Vincere,ct,0,8,75,generic,,,,FaZe Clan,t,65121,6,,863.9686,2380.6597,140.0843,,,83,,,BombsiteB,iM,76561198050250233,,Natus Vincere,ct,6,inferno,8
780,51,,864.8366,2239.7754,140.0843,,,0.0,,,BombsiteB,Aleksib,7.656119801324333e+16,,Natus Vincere,ct,6.0,,Natus Vincere,ct,30,46,0,generic,,,,FaZe Clan,t,65303,6,,342.8293,1825.5875,129.07664,,,37,,,Banana,frozen,76561198068422762,,FaZe Clan,t,6,hegrenade,76
781,73,,864.8366,2239.7754,140.0843,,,0.0,,,BombsiteB,Aleksib,7.656119801324333e+16,,Natus Vincere,ct,6.0,,Natus Vincere,ct,27,41,59,generic,,,,FaZe Clan,t,65303,6,,267.68335,1726.3066,119.67381,,,100,,,Banana,rain,76561197997351207,,FaZe Clan,t,6,hegrenade,68
782,90,,1279.459,2659.7488,132.98547,,,100.0,,,Ruins,b1t,7.656119824660747e+16,,Natus Vincere,ct,6.0,,Natus Vincere,ct,0,1,99,generic,,,,FaZe Clan,t,68925,6,,57.821396,2584.6252,161.03125,,,100,,,BombsiteB,ropz,76561197991272318,,FaZe Clan,t,6,inferno,1
783,90,,1275.4912,2648.03,135.24242,,,100.0,,,Ruins,b1t,7.656119824660747e+16,,Natus Vincere,ct,6.0,,Natus Vincere,ct,0,2,97,generic,,,,FaZe Clan,t,68938,6,,53.972504,2582.5813,161.03125,,,99,,,BombsiteB,ropz,76561197991272318,,FaZe Clan,t,6,inferno,2
784,90,,1277.0913,2648.0273,135.24304,,,100.0,,,Ruins,b1t,7.656119824660747e+16,,Natus Vincere,ct,6.0,,Natus Vincere,ct,0,3,94,generic,,,,FaZe Clan,t,68951,6,,36.77201,2576.9075,161.03125,,,97,,,BombsiteB,ropz,76561197991272318,,FaZe Clan,t,6,inferno,3
785,90,,1277.0913,2648.0273,135.24304,,,100.0,,,Ruins,b1t,7.656119824660747e+16,,Natus Vincere,ct,6.0,,Natus Vincere,ct,0,4,90,generic,,,,FaZe Clan,t,68963,6,,21.773193,2563.7178,161.03125,,,94,,,BombsiteB,ropz,76561197991272318,,FaZe Clan,t,6,inferno,4
786,90,,1277.0913,2648.0273,135.24304,,,100.0,,,Ruins,b1t,7.656119824660747e+16,,Natus Vincere,ct,6.0,,Natus Vincere,ct,0,4,86,generic,,,,FaZe Clan,t,68976,6,,8.986428,2560.3684,161.03125,,,90,,,BombsiteB,ropz,76561197991272318,,FaZe Clan,t,6,inferno,4
787,90,,1290.0692,2657.9177,133.92488,,,100.0,,,Ruins,b1t,7.656119824660747e+16,,Natus Vincere,ct,6.0,,Natus Vincere,ct,0,5,81,generic,,,,FaZe Clan,t,68989,6,,4.404706,2565.5024,161.03125,,,86,,,BombsiteB,ropz,76561197991272318,,FaZe Clan,t,6,inferno,5
788,90,,1305.9032,2690.6108,132.86824,,,100.0,,,Ruins,b1t,7.656119824660747e+16,,Natus Vincere,ct,6.0,,Natus Vincere,ct,0,6,75,generic,,,,FaZe Clan,t,69002,6,,3.474762,2571.92,161.03125,,,81,,,BombsiteB,ropz,76561197991272318,,FaZe Clan,t,6,inferno,6
789,90,,1305.764,2730.5444,131.88506,,,100.0,,,Ruins,b1t,7.656119824660747e+16,,Natus Vincere,ct,6.0,,Natus Vincere,ct,0,7,68,generic,,,,FaZe Clan,t,69015,6,,2.5864377,2579.412,161.03125,,,75,,,BombsiteB,ropz,76561197991272318,,FaZe Clan,t,6,inferno,7
790,90,,1305.495,2757.1558,124.03177,,,100.0,,,Ruins,b1t,7.656119824660747e+16,,Natus Vincere,ct,6.0,,Natus Vincere,ct,0,8,60,generic,,,,FaZe Clan,t,69027,6,,9.39189,2577.242,161.03125,,,68,,,BombsiteB,ropz,76561197991272318,,FaZe Clan,t,6,inferno,8
791,90,,1301.8241,2755.6062,124.03176,,,100.0,,,Ruins,b1t,7.656119824660747e+16,,Natus Vincere,ct,6.0,,Natus Vincere,ct,0,8,52,generic,,,,FaZe Clan,t,69040,6,,24.39333,2554.4146,161.03125,,,60,,,BombsiteB,ropz,76561197991272318,,FaZe Clan,t,6,inferno,8
795,34,,647.32294,2670.041,147.98122,,,74.0,,,BombsiteB,b1t,7.656119824660747e+16,,Natus Vincere,ct,6.0,,Natus Vincere,ct,35,52,0,generic,,,,FaZe Clan,t,69524,6,,126.96875,3145.4688,164.40915,,,38,,,BombsiteB,rain,76561197997351207,,FaZe Clan,t,6,hegrenade,87
817,62,,1773.0968,73.039856,129.56104,,,24.0,,,BombsiteA,frozen,7.656119806842277e+16,,FaZe Clan,t,7.0,,Natus Vincere,ct,35,52,48,generic,,,,FaZe Clan,t,77162,7,,2581.0413,-83.341,94.51958,,,100,,,Pit,b1t,76561198246607476,,Natus Vincere,ct,7,hegrenade,87
822,98,,482.25208,-264.96973,89.03125,,,100.0,,,SecondMid,rain,7.65611979973512e+16,,FaZe Clan,t,8.0,,Natus Vincere,ct,2,3,97,generic,,,,FaZe Clan,t,81805,8,,1188.0315,362.56223,128.03125,,,100,,,Apartments,b1t,76561198246607476,,Natus Vincere,ct,8,hegrenade,5
823,100,,683.31793,2118.4504,138.82689,,,100.0,,,Banana,Aleksib,7.656119801324333e+16,,Natus Vincere,ct,8.0,,Natus Vincere,ct,0,2,98,generic,,,,FaZe Clan,t,83474,8,,136.17603,1350.4617,97.65796,,,100,,,Banana,frozen,76561198068422762,,FaZe Clan,t,8,inferno,2
824,100,,671.6966,2117.429,138.82689,,,100.0,,,Banana,Aleksib,7.656119801324333e+16,,Natus Vincere,ct,8.0,,Natus Vincere,ct,0,3,95,generic,,,,FaZe Clan,t,83487,8,,109.63665,1380.9835,100.99529,,,98,,,Banana,frozen,76561198068422762,,FaZe Clan,t,8,inferno,3
825,89,,105.399254,1389.6476,101.63072,,,95.0,,,Banana,frozen,7.656119806842277e+16,,FaZe Clan,t,8.0,,Natus Vincere,ct,11,16,84,generic,,,,FaZe Clan,t,83490,8,,673.3035,2115.5989,138.82689,,,100,,,Banana,Aleksib,76561198013243326,,Natus Vincere,ct,8,hegrenade,27
826,90,,105.399254,1389.6476,101.63072,,,95.0,,,Banana,frozen,7.656119806842277e+16,,FaZe Clan,t,8.0,,Natus Vincere,ct,10,15,85,generic,,,,FaZe Clan,t,83490,8,,394.8911,1891.111,136.22588,,,100,,,Banana,jL,76561198176878303,,Natus Vincere,ct,8,hegrenade,25
828,95,,688.97565,2113.3372,138.82689,,,84.0,,,Banana,Aleksib,7.656119801324333e+16,,Natus Vincere,ct,8.0,,Natus Vincere,ct,0,4,67,generic,,,,FaZe Clan,t,83499,8,,104.31873,1401.2421,102.181625,,,71,,,Banana,frozen,76561198068422762,,FaZe Clan,t,8,inferno,4
830,89,,-319.96667,896.92993,6.1462235,,,100.0,,,TRamp,karrigan,7.656119798943026e+16,,FaZe Clan,t,8.0,,Natus Vincere,ct,0,1,83,generic,,,,FaZe Clan,t,83505,8,,704.2731,2113.0686,136.03133,,,84,,,Banana,Aleksib,76561198013243326,,Natus Vincere,ct,8,inferno,1
831,95,,722.3031,2118.481,136.03131,,,83.0,,,Banana,Aleksib,7.656119801324333e+16,,Natus Vincere,ct,8.0,,Natus Vincere,ct,0,4,63,generic,,,,FaZe Clan,t,83512,8,,104.413666,1401.104,102.1721,,,67,,,Banana,frozen,76561198068422762,,FaZe Clan,t,8,inferno,4
835,85,,736.5489,2130.9993,136.03131,,,83.0,,,Banana,Aleksib,7.656119801324333e+16,,Natus Vincere,ct,8.0,,Natus Vincere,ct,0,5,10,generic,,,,FaZe Clan,t,83525,8,,104.413666,1401.104,102.1721,,,15,,,Banana,frozen,76561198068422762,,FaZe Clan,t,8,inferno,5
837,89,,-293.8686,914.791,13.57715,,,100.0,,,TRamp,karrigan,7.656119798943026e+16,,FaZe Clan,t,8.0,,Natus Vincere,ct,0,4,79,generic,,,,FaZe Clan,t,83543,8,,732.1456,2116.978,136.03131,,,83,,,Banana,Aleksib,76561198013243326,,Natus Vincere,ct,8,inferno,4
838,89,,635.4473,664.21027,103.10303,,,100.0,,,Middle,karrigan,7.656119798943026e+16,,FaZe Clan,t,8.0,,Natus Vincere,ct,0,8,71,generic,,,,FaZe Clan,t,83902,8,,726.42334,2130.2869,136.03131,,,79,,,Banana,Aleksib,76561198013243326,,Natus Vincere,ct,8,inferno,8
839,89,,661.24725,662.2,101.50659,,,100.0,,,Middle,karrigan,7.656119798943026e+16,,FaZe Clan,t,8.0,,Natus Vincere,ct,0,8,63,generic,,,,FaZe Clan,t,83915,8,,693.40125,2109.5298,138.82689,,,71,,,Banana,Aleksib,76561198013243326,,Natus Vincere,ct,8,inferno,8
854,86,,736.4871,2257.0327,136.03146,,,63.0,,,BombsiteB,Aleksib,7.656119801324333e+16,,Natus Vincere,ct,8.0,,Natus Vincere,ct,14,22,78,generic,,,,FaZe Clan,t,85390,8,,275.16144,1860.591,129.60744,,,100,,,Banana,broky,76561198201620490,,FaZe Clan,t,8,hegrenade,36
856,89,,1434.6749,190.36743,131.2908,,,100.0,,,TopofMid,b1t,7.656119824660747e+16,,Natus Vincere,ct,9.0,,Natus Vincere,ct,0,0,100,generic,,,,FaZe Clan,t,93029,9,,1434.6749,190.36743,131.2908,,,100,,,TopofMid,b1t,76561198246607476,,Natus Vincere,ct,9,hegrenade,0
857,86,,-272.44855,780.03186,24.793486,,,100.0,,,TRamp,frozen,7.656119806842277e+16,,FaZe Clan,t,9.0,,Natus Vincere,ct,0,0,100,generic,,,,FaZe Clan,t,93456,9,,-27.52594,898.3368,80.03125,,,100,,,TRamp,broky,76561198201620490,,FaZe Clan,t,9,hegrenade,0
873,95,,-142.04309,913.82605,48.41777,,,100.0,,,TRamp,frozen,7.656119806842277e+16,,FaZe Clan,t,10.0,,Natus Vincere,ct,5,8,92,generic,,,,FaZe Clan,t,98814,10,,316.3545,1930.0023,136.72911,,,100,,,Banana,jL,76561198176878303,,Natus Vincere,ct,10,hegrenade,13
874,99,,-142.04309,913.82605,48.41777,,,100.0,,,TRamp,frozen,7.656119806842277e+16,,FaZe Clan,t,10.0,,Natus Vincere,ct,1,1,99,generic,,,,FaZe Clan,t,98814,10,,697.2489,2114.5579,136.03133,,,100,,,Banana,iM,76561198050250233,,Natus Vincere,ct,10,hegrenade,2
875,100,,2360.5713,1126.8499,171.48776,,,100.0,,,BombsiteA,w0nderful,7.656119906306883e+16,,Natus Vincere,ct,10.0,,Natus Vincere,ct,0,8,92,generic,,,,FaZe Clan,t,101533,10,,1482.6469,528.6855,119.153656,,,100,,,TopofMid,rain,76561197997351207,,FaZe Clan,t,10,inferno,8
876,100,,2366.1206,1125.0381,170.81944,,,100.0,,,BombsiteA,w0nderful,7.656119906306883e+16,,Natus Vincere,ct,10.0,,Natus Vincere,ct,0,8,84,generic,,,,FaZe Clan,t,101546,10,,1484.8936,571.93274,118.779785,,,92,,,TopofMid,rain,76561197997351207,,FaZe Clan,t,10,inferno,8
944,80,,95.85388,1530.9447,174.26256,,,100.0,,,Banana,Aleksib,7.656119801324333e+16,,Natus Vincere,t,13.0,,FaZe Clan,ct,0,3,24,generic,,,,Natus Vincere,t,131280,13,,712.25055,2025.2562,136.03128,,,27,,,Banana,jL,76561198176878303,,Natus Vincere,t,13,inferno,3
945,80,,105.43204,1564.3722,160.63377,,,100.0,,,Banana,Aleksib,7.656119801324333e+16,,Natus Vincere,t,13.0,,FaZe Clan,ct,0,3,21,generic,,,,Natus Vincere,t,131293,13,,736.70306,2011.1747,136.03128,,,24,,,Banana,jL,76561198176878303,,Natus Vincere,t,13,inferno,3
946,80,,121.04572,1594.7855,141.35416,,,100.0,,,Banana,Aleksib,7.656119801324333e+16,,Natus Vincere,t,13.0,,FaZe Clan,ct,0,3,18,generic,,,,Natus Vincere,t,131305,13,,769.49695,2000.7347,136.03128,,,21,,,Banana,jL,76561198176878303,,Natus Vincere,t,13,inferno,3
981,84,,1454.8807,627.5883,121.01364,,,100.0,,,TopofMid,ropz,7.656119799127232e+16,,FaZe Clan,ct,14.0,,FaZe Clan,ct,16,24,76,generic,,,,Natus Vincere,t,140054,14,,152.96753,803.67944,80.03125,,,100,,,Middle,Aleksib,76561198013243326,,Natus Vincere,t,14,hegrenade,40
982,95,,1454.8807,627.5883,121.01364,,,100.0,,,TopofMid,ropz,7.656119799127232e+16,,FaZe Clan,ct,14.0,,FaZe Clan,ct,5,8,92,generic,,,,Natus Vincere,t,140054,14,,30.357279,902.57587,80.67315,,,100,,,TRamp,jL,76561198176878303,,Natus Vincere,t,14,hegrenade,13
983,95,,771.8932,2165.7878,136.0313,,,100.0,,,Banana,frozen,7.656119806842277e+16,,FaZe Clan,ct,14.0,,FaZe Clan,ct,0,1,91,generic,,,,Natus Vincere,t,140780,14,,-13.014893,1359.7938,104.031235,,,92,,,Banana,jL,76561198176878303,,Natus Vincere,t,14,inferno,1
984,95,,781.5437,2147.0728,136.03131,,,100.0,,,Banana,frozen,7.656119806842277e+16,,FaZe Clan,ct,14.0,,FaZe Clan,ct,0,2,89,generic,,,,Natus Vincere,t,140793,14,,31.04337,1360.4843,104.03125,,,91,,,Banana,jL,76561198176878303,,Natus Vincere,t,14,inferno,2
985,65,,558.4887,2075.2268,139.20262,,,100.0,,,Banana,frozen,7.656119806842277e+16,,FaZe Clan,ct,14.0,,FaZe Clan,ct,30,45,44,generic,,,,Natus Vincere,t,140983,14,,259.67398,1238.6552,109.633896,,,89,,,Banana,jL,76561198176878303,,Natus Vincere,t,14,hegrenade,75
1022,0,,1249.8193,176.86101,200.99016,,,0.0,,,Apartments,broky,7.65611982016205e+16,,FaZe Clan,ct,15.0,,FaZe Clan,ct,0,11,89,generic,,,,Natus Vincere,t,151148,15,,891.38635,47.047485,204.32793,,,100,,,SecondMid,iM,76561198050250233,,Natus Vincere,t,15,hegrenade,11
1037,87,,699.46606,2462.1218,138.72249,,,100.0,,,BombsiteB,rain,7.65611979973512e+16,,FaZe Clan,ct,16.0,,FaZe Clan,ct,13,20,80,generic,,,,Natus Vincere,t,158291,16,,67.52868,1257.8301,96.60007,,,100,,,Banana,Aleksib,76561198013243326,,Natus Vincere,t,16,hegrenade,33
1038,90,,699.46606,2462.1218,138.72249,,,100.0,,,BombsiteB,rain,7.65611979973512e+16,,FaZe Clan,ct,16.0,,FaZe Clan,ct,10,15,85,generic,,,,Natus Vincere,t,158291,16,,152.92378,944.795,82.76929,,,100,,,Banana,w0nderful,76561199063068840,,Natus Vincere,t,16,hegrenade,25
1065,0,,248.63837,-55.99164,65.53125,,,100.0,,,SecondMid,b1t,7.656119824660747e+16,,Natus Vincere,t,17.0,,FaZe Clan,ct,0,1,99,generic,,,,Natus Vincere,t,168869,17,,1238.5146,62.37502,256.03125,,,100,,,Apartments,rain,76561197997351207,,FaZe Clan,ct,17,inferno,1
1066,0,,284.60434,-35.006165,65.53125,,,100.0,,,SecondMid,b1t,7.656119824660747e+16,,Natus Vincere,t,17.0,,FaZe Clan,ct,0,2,97,generic,,,,Natus Vincere,t,168882,17,,1242.1748,11.743328,256.03125,,,99,,,Apartments,rain,76561197997351207,,FaZe Clan,ct,17,inferno,2
1067,0,,288.67886,0.5106088,65.53125,,,100.0,,,SecondMid,b1t,7.656119824660747e+16,,Natus Vincere,t,17.0,,FaZe Clan,ct,0,3,94,generic,,,,Natus Vincere,t,168895,17,,1241.4906,-39.016235,256.03125,,,97,,,Apartments,rain,76561197997351207,,FaZe Clan,ct,17,inferno,3
1068,0,,287.01257,33.69812,66.03125,,,100.0,,,SecondMid,b1t,7.656119824660747e+16,,Natus Vincere,t,17.0,,FaZe Clan,ct,0,4,90,generic,,,,Natus Vincere,t,168907,17,,1237.674,-85.54584,256.03125,,,94,,,Apartments,rain,76561197997351207,,FaZe Clan,ct,17,inferno,4
1069,0,,300.9686,42.6469,66.03125,,,100.0,,,SecondMid,b1t,7.656119824660747e+16,,Natus Vincere,t,17.0,,FaZe Clan,ct,0,4,86,generic,,,,Natus Vincere,t,168920,17,,1228.7355,-135.40155,260.03125,,,90,,,Apartments,rain,76561197997351207,,FaZe Clan,ct,17,inferno,4
1070,0,,300.50497,33.119602,66.03125,,,100.0,,,SecondMid,b1t,7.656119824660747e+16,,Natus Vincere,t,17.0,,FaZe Clan,ct,0,5,81,generic,,,,Natus Vincere,t,168933,17,,1223.1497,-185.86938,260.03125,,,86,,,Apartments,rain,76561197997351207,,FaZe Clan,ct,17,inferno,5
1071,0,,300.41888,31.205145,66.03125,,,100.0,,,SecondMid,b1t,7.656119824660747e+16,,Natus Vincere,t,17.0,,FaZe Clan,ct,0,81,0,generic,,,,Natus Vincere,t,168934,17,,1222.803,-189.76025,260.03125,,,81,,,Apartments,rain,76561197997351207,,FaZe Clan,ct,17,hegrenade,81
1072,98,,109.40191,1350.8932,99.48887,,,100.0,,,Banana,Aleksib,7.656119801324333e+16,,Natus Vincere,t,17.0,,FaZe Clan,ct,2,3,97,generic,,,,Natus Vincere,t,169202,17,,859.3453,2152.7058,136.36629,,,100,,,Banana,frozen,76561198068422762,,FaZe Clan,ct,17,hegrenade,5
1073,0,,109.40191,1350.8932,99.48887,,,100.0,,,Banana,Aleksib,7.656119801324333e+16,,Natus Vincere,t,17.0,,FaZe Clan,ct,0,1,99,generic,,,,Natus Vincere,t,169202,17,,649.1373,2656.3828,147.79701,,,100,,,BombsiteB,karrigan,76561197989430253,,FaZe Clan,ct,17,hegrenade,1
1074,0,,257.04135,1650.8846,116.067825,,,100.0,,,Banana,jL,7.65611981768783e+16,,Natus Vincere,t,17.0,,FaZe Clan,ct,0,3,96,generic,,,,Natus Vincere,t,169219,17,,647.4181,2669.0095,147.97057,,,99,,,BombsiteB,karrigan,76561197989430253,,FaZe Clan,ct,17,hegrenade,3
1075,98,,257.04135,1650.8846,116.067825,,,100.0,,,Banana,jL,7.65611981768783e+16,,Natus Vincere,t,17.0,,FaZe Clan,ct,0,1,96,generic,,,,Natus Vincere,t,169219,17,,867.7746,2138.5269,136.36629,,,97,,,Banana,frozen,76561198068422762,,FaZe Clan,ct,17,hegrenade,1
1078,61,,649.8786,1998.4106,136.03127,,,100.0,,,Banana,Aleksib,7.656119801324333e+16,,Natus Vincere,t,17.0,,FaZe Clan,ct,0,8,92,generic,,,,Natus Vincere,t,169733,17,,649.8786,1998.4106,136.03127,,,100,,,Banana,Aleksib,76561198013243326,,Natus Vincere,t,17,inferno,8
1095,100,,252.51651,1697.1438,117.01052,,,100.0,,,Banana,jL,7.65611981768783e+16,,Natus Vincere,t,18.0,,FaZe Clan,ct,0,0,100,generic,,,,Natus Vincere,t,176226,18,,762.57074,2680.0967,136.03148,,,100,,,BombsiteB,frozen,76561198068422762,,FaZe Clan,ct,18,hegrenade,0
1117,83,,1354.5552,222.98952,134.02647,,,100.0,,,TopofMid,karrigan,7.656119798943026e+16,,FaZe Clan,ct,18.0,,FaZe Clan,ct,0,0,73,generic,,,,Natus Vincere,t,182688,18,,1612.2914,122.69408,132.81606,,,73,,,BombsiteA,jL,76561198176878303,,Natus Vincere,t,18,hegrenade,0
1119,83,,1994.3635,537.8277,160.03125,,,100.0,,,BombsiteA,frozen,7.656119806842277e+16,,FaZe Clan,ct,18.0,,FaZe Clan,ct,0,0,73,generic,,,,Natus Vincere,t,183111,18,,1823.8219,-88.75098,142.03125,,,73,,,BombsiteA,jL,76561198176878303,,Natus Vincere,t,18,molotov,0
1120,83,,1994.3635,537.8277,160.03125,,,100.0,,,BombsiteA,frozen,7.656119806842277e+16,,FaZe Clan,ct,18.0,,FaZe Clan,ct,0,1,72,generic,,,,Natus Vincere,t,183111,18,,1823.8219,-88.75098,142.03125,,,73,,,BombsiteA,jL,76561198176878303,,Natus Vincere,t,18,molotov,1
1121,83,,1819.0525,365.672,161.13123,,,100.0,,,BombsiteA,frozen,7.656119806842277e+16,,FaZe Clan,ct,18.0,,FaZe Clan,ct,0,1,71,generic,,,,Natus Vincere,t,183185,18,,1788.5272,27.262257,127.94662,,,72,,,BombsiteA,jL,76561198176878303,,Natus Vincere,t,18,inferno,1
