id,name,team,steam_id,t_role,ct_role,igl,is_active,created_at,updated_at,player_image_url,country_code,age,price,contract_end,specialist_maps
,volt,500,76561198155754447,Spacetaker,Rotator,FALSE,TRUE,,,,Romania,24,160000,2026,
,CYPHER,500,76561198251984554,Spacetaker,Rotator,FALSE,TRUE,,,,United Kingdom,22,300000,2025,
,kRaSnaL,500,76561198296417934,Spacetaker,Rotator,FALSE,TRUE,,,,Poland,22,150000,2025,
63,rain,100Thieves,76561197997351207,Spacetaker,Anchor,FALSE,TRUE,"""2025-08-05T15:46:38.879Z""","""2025-11-07T08:59:14.852Z""",,Norway,30,700000,2027,
84,bodyy,3DMAX,76561198013295375,Lurker,Rotator,FALSE,TRUE,"""2025-08-05T15:46:39.865Z""","""2025-10-29T12:38:59.226Z""",,France,28,195000,2027,
83,Lucky,3DMAX,76561198031890115,Spacetaker,Anchor,FALSE,TRUE,"""2025-08-05T15:46:39.818Z""","""2025-10-29T12:38:59.114Z""",,France,27,230000,2027,
88,Maka,3DMAX,76561198045739761,AWP,AWP,FALSE,TRUE,"""2025-08-05T15:46:40.051Z""","""2025-10-29T12:38:59.163Z""",,France,28,280000,2027,
86,Ex3rcice,3DMAX,76561198168198200,Spacetaker,Anchor,FALSE,TRUE,"""2025-08-05T15:46:39.958Z""","""2025-10-29T12:38:59.068Z""",,France,25,260000,2027,
87,Graviti,3DMAX,76561198179538505,Lurker,Rotator,TRUE,TRUE,"""2025-08-05T15:46:40.005Z""","""2025-10-29T12:38:58.839Z""",,France,22,350000,2027,
,cej0t,9INE,76561198080449500,Spacetaker,Anchor,FALSE,TRUE,,,,,,,,
,raalz,9INE,76561197996060155,Support,Anchor,TRUE,TRUE,,,,Denmark,30,140000,2026,
,kraghen,9INE,76561198047198945,Support,Rotator,FALSE,TRUE,,,,Denmark,23,230000,2025,
,phzy,9INE,76561198408199043,AWP,AWP,FALSE,TRUE,,,,Sweden,23,220000,2027,
,bnox,9INE,76561198360682773,Lurker,Rotator,FALSE,TRUE,,,,Poland,25,140000,2026,
,max,9z,76561198242950384,Spacetaker,Anchor,FALSE,TRUE,,,,Uruguay,26,248000,2026,
,HUASOPEEK,9z,76561198319723208,Spacetaker,Rotator,FALSE,TRUE,,,,Chile,22,348000,2026,
,meyern,9z,,,,,,,,,Argentina,,,,
,Luken,9z,,,,,,,,,Argentina,,,,
,Luchov,9z,,,,,,,,,Argentina,,,,
28,Magisk,Astralis,76561197983956651,Support,Anchor,FALSE,TRUE,"""2025-08-05T15:46:37.235Z""","""2025-10-29T12:38:59.559Z""",,Denmark,27,232000,2027,
77,dev1ce,Astralis,76561197987713664,AWP,AWP,FALSE,TRUE,"""2025-08-05T15:46:39.533Z""","""2025-10-29T12:38:59.278Z""",,Denmark,30,465000,2027,
80,Staehr,Astralis,76561198005107817,Lurker,Anchor,FALSE,TRUE,"""2025-08-05T15:46:39.676Z""","""2025-10-29T12:38:59.514Z""",,Denmark,21,400000,2027,
79,Hooxi,Astralis,76561198014409896,Support,Anchor,TRUE,TRUE,"""2025-08-05T15:46:39.630Z""","""2025-09-22T05:21:55.749Z""",,Denmark,30,150000,2027,
82,jabbi,Astralis,76561198120557348,Spacetaker,Rotator,FALSE,TRUE,"""2025-08-05T15:46:39.772Z""","""2025-10-29T12:38:59.468Z""",,Denmark,22,290000,2027,
67,MAJ3R,Aurora,76561197967432889,Support,Anchor,TRUE,TRUE,"""2025-08-05T15:46:39.065Z""","""2025-10-29T12:38:59.696Z""",,Turkey,34,116000,2027,
68,XANTARES,Aurora,76561198044118796,Spacetaker,Rotator,FALSE,TRUE,"""2025-08-05T15:46:39.112Z""","""2025-10-29T12:38:59.607Z""",,Turkey,30,620000,2027,
69,woxic,Aurora,76561198083485506,AWP,AWP,FALSE,TRUE,"""2025-08-05T15:46:39.159Z""","""2025-10-29T12:38:59.652Z""",,Turkey,27,581000,2027,
70,jottAAA,Aurora,76561198410750263,Spacetaker,Anchor,FALSE,TRUE,"""2025-08-05T15:46:39.204Z""","""2025-10-29T12:38:59.742Z""",,Turkey,23,465000,2027,
71,Wicadia,Aurora,76561198812513923,Lurker,Rotator,FALSE,TRUE,"""2025-08-05T15:46:39.251Z""","""2025-10-29T12:38:59.788Z""",,Turkey,20,581000,2027,
,alex666,B8,76561198304115519,Support,Anchor,FALSE,TRUE,,,,Ukraine,24,190000,2026,
,npl,B8,76561198305036904,Support,Anchor,TRUE,TRUE,,,,Ukraine,20,500000,2027,
,headtr1ck,B8,76561198359519930,AWP,AWP,FALSE,TRUE,,,,Ukraine,21,465000,2027,
,kensizor,B8,76561198382173659,Spacetaker,Rotator,FALSE,TRUE,,,,Ukraine,19,581000,2026,
,esenthial,B8,76561199149812353,Lurker,Rotator,FALSE,TRUE,,,,Ukraine,19,465000,2027,
,s1mple,BC.Game,76561198034202275,AWP,AWP,FALSE,TRUE,,,,Ukraine,28,800000,2026,
4,electronic,BC.Game,76561198044045107,Spacetaker,Rotator,TRUE,TRUE,"""2025-08-05T15:46:36.099Z""","""2025-10-29T11:08:31.239Z""",,Russia,24,400000,2027,
,aNdu,BC.Game,,Spacetaker,Rotator,FALSE,TRUE,,,,Estonia,20,160000,2027,
,buda,BESTIA,76561198199343350,Spacetaker,Rotator,FALSE,TRUE,,,,Argentina,22,232000,2027,
,boombl4,BetBoom,76561198146207066,Spacetaker,Anchor,TRUE,TRUE,,,,Russia,26,200000,2026,
,ArtFr0st,BetBoom,76561198156778414,AWP,AWP,FALSE,TRUE,,,,Russia,24,200000,2026,
,s1ren,BetBoom,76561198167785069,Lurker,Rotator,FALSE,TRUE,,,,Russia,23,400000,2027,
,magnojez,BetBoom,76561198372023214,Spacetaker,Rotator,FALSE,TRUE,,,,Russia,21,480000,2026,
,d1Ledez,BetBoom,76561198859428279,Spacetaker,Rotator,FALSE,TRUE,,,,Russia,22,465000,2027,
,Prism,Betclic,76561198077677671,Support,Anchor,TRUE,TRUE,,,,Poland,27,150000,2027,
,Demho,Betclic,76561198107012488,Lurker,Anchor,FALSE,TRUE,,,,Poland,24,90000,2026,
,dycha,Betclic,,,,FALSE,TRUE,,,,,,,,
72,tabseN,BIG,76561197961491680,Spacetaker,Rotator,TRUE,TRUE,"""2025-08-05T15:46:39.298Z""","""2025-10-29T12:38:59.833Z""",,Germany,30,232600,2027,
73,JDC,BIG,76561198078771373,Spacetaker,Anchor,FALSE,TRUE,"""2025-08-05T15:46:39.345Z""","""2025-10-29T12:38:59.879Z""",,Germany,25,174000,2027,
,gr1ks,BIG,76561198370176682,AWP,AWP,FALSE,TRUE,,,,Belarus,20,580000,2027,
,prosus,BIG,,,,,,,,,,,,,
,FreeZe,BIG,,,,,,,,,,,,,
,acoR,ECSTATIC,76561198002942763,AWP,AWP,FALSE,TRUE,,,,Denmark,28,160000,2027,
,TMB,ECSTATIC,76561198084607254,Support,Anchor,TRUE,TRUE,,,,Denmark,23,350000,2027,
,Anlelele,ECSTATIC,76561198129799489,Spacetaker,Rotator,FALSE,TRUE,,,,Denmark,25,200000,2027,
,nut nut,ECSTATIC,76561198155303242,Support,Anchor,FALSE,TRUE,,,,Denmark,20,350000,2027,
,sirah,ECSTATIC,76561198308941038,Spacetaker,Rotator,FALSE,TRUE,,,,Denmark,19,350000,2027,
,sdy,ENCE,76561198040577200,Support,Anchor,TRUE,TRUE,,,,Ukraine,28,220000,2027,
,Podi,ENCE,76561198128931118,AWP,AWP,FALSE,TRUE,,,,Finland,21,350000,2027,
,rigoN,ENCE,76561198172837021,Spacetaker,Rotator,FALSE,TRUE,,,,Switzerland,26,300000,2027,
,myltsi,ENCE,76561198803032451,Support,Anchor,FALSE,TRUE,,,,Finland,21,130000,2027,
,neityu,ENCE,76561198971718392,Support,Anchor,FALSE,TRUE,,,,France,20,200000,2026,
,Calyx,Eternal Fire,76561198052546265,Support,Anchor,FALSE,TRUE,,,,Turkey,27,300000,2026,
,maxster,EYEBALLERS,76561199132217533,Support,Anchor,FALSE,TRUE,,,,Sweden,21,465000,2026,
62,karrigan,FaZe Clan,76561197989430253,Spacetaker,Anchor,TRUE,TRUE,"""2025-08-05T15:46:38.832Z""","""2025-10-29T12:39:00.488Z""",,Denmark,35,232000,2027,
24,Twistzz,FaZe Clan,76561198016255205,Support,Rotator,FALSE,TRUE,"""2025-08-05T15:46:37.047Z""","""2025-10-29T12:39:00.349Z""",,Canada,26,1163000,2027,
66,frozen,FaZe Clan,76561198068422762,Lurker,Rotator,FALSE,TRUE,"""2025-08-05T15:46:39.020Z""","""2025-10-29T12:39:00.396Z""",,Slovakia,23,1046000,2027,
,jcobbb,FaZe Clan,76561198178737429,Spacetaker,Anchor,FALSE,TRUE,,,,Poland,21,930000,2028,
65,broky,FaZe Clan,76561198201620490,AWP,AWP,FALSE,TRUE,"""2025-08-05T15:46:38.973Z""","""2025-10-29T12:39:00.303Z""",,Latvia,24,1395000,2027,
,lucaozy,Fluxo,76561198157388473,Lurker,Anchor,FALSE,TRUE,,,,Brazil,24,290000,2026,
,decenty,Fluxo,76561198307171910,Support,Anchor,FALSE,TRUE,,,,Brazil,21,465000,2027,
,kye,Fluxo,76561199096031141,Spacetaker,Rotator,FALSE,TRUE,,,,Brazil,21,150000,2026,
,zevy,Fluxo,76561199422519262,AWP,AWP,FALSE,TRUE,,,,Brazil,24,140000,2027,
22,jks,FlyQuest,76561197977105184,Support,Anchor,FALSE,TRUE,"""2025-08-05T15:46:36.952Z""","""2025-10-29T15:38:51.138Z""",,Australia,29,116000,2026,
225,INS,FlyQuest,76561197987212623,Support,Anchor,TRUE,TRUE,"""2025-10-29T15:37:43.111Z""","""2025-11-07T08:54:59.821Z""",,Australia,27,180000,2026,
227,Vexite,FlyQuest,76561198052888143,Spacetaker,Rotator,FALSE,TRUE,"""2025-10-29T15:39:50.488Z""","""2025-11-07T08:55:15.836Z""",,Australia,21,90000,2026,
226,regali,FlyQuest,76561198098463229,AWP,AWP,FALSE,TRUE,"""2025-10-29T15:38:27.473Z""","""2025-11-07T08:55:40.516Z""",,Romania,23,220000,2026,
228,nettik,FlyQuest,76561198332845251,Support,Anchor,FALSE,TRUE,"""2025-10-29T15:40:46.108Z""","""2025-11-07T08:55:53.347Z""",,Australia,22,90000,2026,
,blameF,fnatic,76561198028458803,Lurker,Rotator,FALSE,TRUE,,,,Denmark,28,300000,2026,
,fEAR,fnatic,76561198132026180,Support,Anchor,TRUE,TRUE,,,,Ukraine,25,348000,2027,
,Jackasmo,fnatic,76561198446445284,Support,Anchor,FALSE,TRUE,,,,Ukraine,18,465000,2028,
,jambo,fnatic,76561198800253526,AWP,AWP,FALSE,TRUE,,,,Ukraine,21,581000,2027,
,Krimz,fnatic,76561198031651584,Support,Anchor,FALSE,TRUE,,,,Sweden,21,90000,2026,
55,FalleN,FURIA,76561197960690195,Support,Anchor,TRUE,TRUE,"""2025-08-05T15:46:38.502Z""","""2025-10-29T12:39:00.163Z""",,Brazil,33,186000,2027,
59,KSCERATO,FURIA,76561198058500492,Lurker,Rotator,FALSE,TRUE,"""2025-08-05T15:46:38.691Z""","""2025-10-29T12:39:00.075Z""",,Brazil,25,698000,2027,
61,YEKINDAR,FURIA,76561198134401925,Spacetaker,Rotator,FALSE,TRUE,"""2025-08-05T15:46:38.785Z""","""2025-11-07T08:11:04.145Z""",,Latvia,26,581000,2027,
58,yuurih,FURIA,76561198164970560,Support,Anchor,FALSE,TRUE,"""2025-08-05T15:46:38.644Z""","""2025-10-29T12:39:00.119Z""",,Brazil,25,465000,2027,
,Molodoy,FURIA,76561198200982290,AWP,AWP,FALSE,TRUE,,,,Kazakhstan,20,1600000,2028,
,dem0n,FUT,76561198875633179,Spacetaker,Rotator,FALSE,TRUE,,,,Ukraine,18,250000,2027,
,lauNX,FUT,76561198972795853,Spacetaker,Rotator,FALSE,TRUE,,,,Romania,20,450000,2027,
,krabeni,FUT,76561198991278425,Support,Rotator,TRUE,TRUE,,,,Kosovo,20,296000,2027,
,dziugss,FUT,76561199100725838,Spacetaker,Rotator,FALSE,TRUE,,,,Lithuania,17,465000,2027,
,cmtry,FUT,76561199313968259,AWP,AWP,FALSE,TRUE,,,,Ukraine,18,300000,2026,
51,huNter-,G2 Esports,76561198012872053,Lurker,Rotator,TRUE,TRUE,"""2025-08-05T15:46:38.316Z""","""2025-10-29T12:39:00.768Z""",,Bosnia & Herzegovina,29,348000,2027,
52,HeavyGoD,G2 Esports,76561198068002993,Lurker,Anchor,FALSE,TRUE,"""2025-08-05T15:46:38.362Z""","""2025-09-08T10:24:48.417Z""",,Israel,23,700000,2028,
53,malbsMd,G2 Esports,76561198080703143,Spacetaker,Rotator,FALSE,TRUE,"""2025-08-05T15:46:38.409Z""","""2025-11-07T08:59:00.633Z""",,Other,22,800000,2027,
,SunPayus,G2 Esports,76561198309839541,AWP,AWP,FALSE,TRUE,,,,Spain,27,350000,2027,
,MATYS,G2 Esports,76561199046478501,Spacetaker,Rotator,FALSE,TRUE,,,,Slovakia,23,523000,2027,
,felps,Gaimin Gladiators,76561197983031494,Lurker,Rotator,FALSE,TRUE,,,,Brazil,28,250000,2026,
45,REZ,GamerLegion,76561198034172415,Spacetaker,Rotator,FALSE,TRUE,"""2025-08-05T15:46:38.034Z""","""2025-10-29T12:39:00.812Z""",,Sweden,27,349000,2027,
,hypex,GamerLegion,76561198254686734,AWP,AWP,FALSE,TRUE,,,,Poland,21,465000,2027,
46,PR,GamerLegion,76561198310561479,Spacetaker,Rotator,FALSE,TRUE,"""2025-08-05T15:46:38.081Z""","""2025-10-29T12:39:00.856Z""",,Czech Republic,18,500000,2027,
47,Tauson,GamerLegion,76561198316706174,Spacetaker,Anchor,FALSE,TRUE,"""2025-08-05T15:46:38.127Z""","""2025-10-29T12:39:00.901Z""",,Denmark,20,290000,2027,
50,Snax,GamerLegion,76561197982141573,Support,Anchor,TRUE,TRUE,"""2025-08-05T15:46:38.269Z""","""2025-10-29T09:07:48.038Z""",,Poland,31,110000,2027,
85,Djoko,GenOne,76561198047876970,Spacetaker,Rotator,FALSE,TRUE,"""2025-08-05T15:46:39.911Z""","""2025-10-04T17:54:08.930Z""",,France,28,100000,2026,
,misutaaa,GenOne,76561198081528911,Spacetaker,Rotator,FALSE,TRUE,,,,France,22,150000,2026,
,sausoL,Gentle Mates,76561197991593267,Lurker,Anchor,FALSE,TRUE,,,,Spain,25,180000,2027,
,mopoz,Gentle Mates,76561197998197366,Support,Anchor,FALSE,TRUE,,,,Spain,29,150000,2026,
,alex,Gentle Mates,76561198000984547,Support,Anchor,TRUE,TRUE,,,,,,,,
,MartinezSa,Gentle Mates,76561198370086461,AWP,AWP,FALSE,FALSE,,,,Spain,24,580000,2026,
,dav1g,Gentle Mates,76561198417348056,Spacetaker,Rotator,FALSE,TRUE,,,,Spain,24,300000,2026,
,nilo,HEROIC,76561198161056567,Support,Rotator,FALSE,TRUE,,,,Sweden,20,400000,2027,
,xfl0ud,HEROIC,76561198178209109,Lurker,Rotator,FALSE,TRUE,,,,Turkey,22,240000,2026,
,chr1zN,HEROIC,76561198292598811,Support,Anchor,TRUE,TRUE,,,,Denmark,19,400000,2027,
,Alkaren,HEROIC,76561199079856901,AWP,AWP,FALSE,TRUE,,,,Kazakhstan,18,400000,2027,
,yxngstxr,HEROIC,76561199137143905,Support,Anchor,FALSE,TRUE,,,,Sweden,21,175000,2026,
,dukefissura,HOTU,76561198102158293,Spacetaker,Anchor,FALSE,TRUE,,,,Kazakhstan,29,50000,2027,
,mizu,HOTU,76561198153097618,Spacetaker,Rotator,FALSE,TRUE,,,,Russia,21,150000,2026,
,n0rb3r7,HOTU,76561198222442504,Lurker,Rotator,FALSE,TRUE,,,,Russia,24,200000,2026,
,VINI,Imperial,76561197996370184,Support,Anchor,TRUE,TRUE,,,,Brazil,26,180000,2027,
56,chelo,Imperial,76561198067763828,Support,Anchor,FALSE,TRUE,"""2025-08-05T15:46:38.549Z""","""2025-11-07T08:56:56.359Z""",,Brazil,26,100000,2027,
57,Skullz,Imperial,76561198118646644,Support,Anchor,FALSE,TRUE,"""2025-08-05T15:46:38.596Z""","""2025-11-07T08:57:08.603Z""",,Brazil,24,100000,2027,
,try,Imperial,76561198365118288,AWP,AWP,FALSE,TRUE,,,,Argentina,21,400000,2027,
,noway,Imperial,76561198800209567,Spacetaker,Rotator,FALSE,TRUE,,,,Brazil,20,400000,2027,
,dawy,Inner Circle,76561198233474320,Spacetaker,Rotator,FALSE,TRUE,,,,Ukraine,18,350000,2026,
,onic,Inner Circle,76561198300474132,Support,Anchor,TRUE,TRUE,,,,Ukraine,20,100000,2026,
,cairne,Inner Circle,76561198884121016,Spacetaker,Rotator,FALSE,TRUE,,,,Ukraine,23,140000,2026,
,flierax,Inner Circle,76561198966656353,Lurker,Rotator,FALSE,TRUE,,,,Ukraine,19,350000,2026,
,n1ssim,LEGACY,76561198061763596,Support,Anchor,FALSE,TRUE,,,,Brazil,24,250000,2027,
,lux,LEGACY,76561198074017668,Support,Anchor,TRUE,FALSE,,,,Brazil,23,250000,2027,
,saadzin,LEGACY,76561198100494962,AWP,AWP,FALSE,TRUE,,,,Brazil,21,240000,2027,
237,dumau,LEGACY,76561198194325317,Spacetaker,Rotator,FALSE,TRUE,"""2025-10-29T16:01:58.403Z""","""2025-11-07T08:58:09.414Z""",,Brazil,22,450000,2027,
238,latto,LEGACY,76561198850020186,Spacetaker,Rotator,FALSE,TRUE,"""2025-10-29T16:06:11.547Z""","""2025-11-07T08:58:18.165Z""",,Brazil,22,150000,2027,
,westmelon,Lynn Vision,76561198107240040,Support,Anchor,TRUE,TRUE,,,,China,24,220000,2026,
,z4KR,Lynn Vision,76561198137783463,AWP,AWP,FALSE,TRUE,,,,China,23,190000,2027,
,C4LLM3SU3,Lynn Vision,76561198416388144,Support,Anchor,FALSE,TRUE,,,,China,21,290000,2026,
,emiliaQAQ,Lynn Vision,76561198816731401,Spacetaker,Rotator,FALSE,TRUE,,,,China,21,220000,2027,
,starry,Lynn Vision,76561198880299543,Lurker,Rotator,FALSE,TRUE,,,,China,20,336000,2027,
,slaxz-,M80,76561198064353169,AWP,AWP,FALSE,TRUE,,,,Germany,27,280000,2027,
,swisher,M80,76561198183003671,Support,Anchor,FALSE,TRUE,,,,United States,27,210000,2027,
,s1n,M80,76561198190463461,Support,Anchor,TRUE,TRUE,,,,Germany,23,200000,2027,
,Lake,M80,76561198337484196,Spacetaker,Rotator,FALSE,TRUE,,,,United States,21,580000,2027,
,jBa,M80,76561198184153575,Spacetaker,Anchor,FALSE,TRUE,,,,United States,21,290000,2026,
92,cxzi,Marsborne,76561198171719689,Lurker,Rotator,FALSE,TRUE,"""2025-09-23T11:42:20.774Z""","""2025-10-29T12:39:03.172Z""",,CA,22,162000,2027,
,Isak,Metizport,76561198071910365,Support,Rotator,FALSE,TRUE,,,,Sweden,24,210000,2026,
,nawwk ,Metizport,76561198153651861,AWP,AWP,FALSE,TRUE,,,,Sweden,28,200000,2026,
,exit,MIBR,76561198010496342,Support,Anchor,TRUE,TRUE,,,,Brazil,29,100000,2027,
,Insani,MIBR,76561198061423730,Spacetaker,Rotator,FALSE,TRUE,,,,Brazil,21,800000,2027,
,kl1m,MIBR,76561198125068631,AWP,AWP,FALSE,TRUE,,,,Russia,20,500000,2027,
,Qikert,MIBR,76561198127236290,Support,Anchor,FALSE,TRUE,,,,Kazakhstan,26,160000,2026,
,brnz4n,MIBR,76561198855876580,Spacetaker,Rotator,FALSE,TRUE,,,,Brazil,22,450000,2027,
,afro,Monte,76561198035581101,,,FALSE,TRUE,,,,,,,,
,azuwu,Monte,76561198974494129,Spacetaker,Rotator,FALSE,TRUE,,,,UK,22,100000,2026,
44,Spinx,MOUZ,76561198063336407,Lurker,Anchor,FALSE,TRUE,"""2025-08-05T15:46:37.987Z""","""2025-10-29T12:39:01.217Z""",,Israel,25,698000,2027,
41,Brollan,MOUZ,76561198138828475,Lurker,Rotator,TRUE,TRUE,"""2025-08-05T15:46:37.847Z""","""2025-10-29T12:39:01.173Z""",,Sweden,23,581000,2027,
39,xertioN,MOUZ,76561198193174134,Spacetaker,Rotator,FALSE,TRUE,"""2025-08-05T15:46:37.753Z""","""2025-10-29T12:39:01.085Z""",,Israel,21,814000,2027,
40,torzsi,MOUZ,76561198355739212,AWP,AWP,FALSE,TRUE,"""2025-08-05T15:46:37.800Z""","""2025-10-29T12:39:01.129Z""",,Hungary,23,790000,2027,
43,jimpphat,MOUZ,76561198855375325,Support,Anchor,FALSE,TRUE,"""2025-08-05T15:46:37.940Z""","""2025-08-05T15:46:37.940Z""",,Finland,19,400000,2027,
34,Aleksib,Natus Vincere,76561198013243326,Support,Rotator,TRUE,TRUE,"""2025-08-05T15:46:37.518Z""","""2025-10-29T12:39:01.397Z""",,Finland,27,348000,2027,
35,iM,Natus Vincere,76561198050250233,Lurker,Rotator,FALSE,TRUE,"""2025-08-05T15:46:37.564Z""","""2025-10-29T12:39:01.352Z""",,Romania,23,581000,2027,
37,b1t,Natus Vincere,76561198246607476,Lurker,Anchor,FALSE,TRUE,"""2025-08-05T15:46:37.658Z""","""2025-10-29T12:39:01.306Z""",,Russia,24,930000,2027,
38,w0nderful,Natus Vincere,76561199063068840,AWP,AWP,FALSE,TRUE,"""2025-08-05T15:46:37.706Z""","""2025-10-29T12:39:01.261Z""",,Russia,21,1050000,2027,
,makazze,Natus Vincere,76561199076189612,Spacetaker,Rotator,FALSE,TRUE,,,,Kosovo,18,700000,2028,
,1eeR,Nemiga,76561198837117408,Support,Anchor,TRUE,TRUE,,,,Belarus,23,200000,2027,
,Xant3r,Nemiga,76561198839305865,Support,Anchor,FALSE,TRUE,,,,Russia,21,110000,2026,
,riskyb0b,Nemiga,76561198889240025,Support,Anchor,FALSE,TRUE,,,,Russia,23,326000,2027,
,khaN,Nemiga,76561198951467648,AWP,AWP,FALSE,TRUE,,,,Kazakhstan,22,322000,2026,
,Sowalio,Nemiga,76561199034495166,Lurker,Rotator,FALSE,TRUE,,,,Russia,21,160000,2027,
,Snappi,NIP,76561197989423065,Support,Anchor,FALSE,TRUE,,,,Denmark,35,90000,2026,
,Sjuush,NIP,76561198160709585,Support,Anchor,FALSE,TRUE,,,,Denmark,26,410000,2027,
,r1nkle,NIP,76561198294381090,AWP,AWP,FALSE,TRUE,,,,Ukraine,21,450000,2027,
,xKacpersky,NIP,76561198362964332,Lurker,Rotator,FALSE,TRUE,,,,Poland,19,650000,2027,
,maden,NIP,76561198165452027,Lurker,Anchor,FALSE,TRUE,,,,Montenegro,28,300000,2025,
,ewjerkz,No Team,76561198262460262,Support,Anchor,FALSE,TRUE,,,,Portugal,25,465000,2027,
,CacaNito,No Team,76561198263656468,Lurker,Anchor,FALSE,TRUE,,,,North Macedonia,25,290000,2027,
,HexT,No Team,76561198210934463,Lurker,Anchor,FALSE,TRUE,,,,Canada,24,210000,2027,
,adamS,No Team,76561197968389863,Support,Rotator,FALSE,TRUE,,,,Romania,24,80000,2026,
,nexa,No Team,76561197999825422,Support,Anchor,TRUE,FALSE,,,,Serbia,28,250000,2027,
,ax1le,No Team,76561198045433304,Lurker,Anchor,FALSE,TRUE,,,,Russia,23,200000,2026,
,matios,No Team,76561197963277583,Support,Anchor,FALSE,TRUE,,,,Brazil,23,50000,2025,
,JACKZ,No Team,76561197972242917,Spacetaker,Anchor,FALSE,TRUE,,,,France,33,110000,2025,
221,kaze,No Team,76561197976393269,AWP,AWP,FALSE,TRUE,"""2025-10-29T15:27:27.822Z""","""2025-11-07T09:00:14.693Z""",,,30,120000,2025,
,syrsoN,No Team,76561197980122997,AWP,AWP,FALSE,TRUE,,,,Germany,29,140000,2025,
,saffee,No Team,76561197985565685,AWP,AWP,FALSE,TRUE,,,,Brazil,30,90000,2025,
2,mir,No Team,76561198000827804,Spacetaker,Anchor,FALSE,FALSE,"""2025-08-05T15:46:36.005Z""","""2025-10-29T12:39:03.348Z""",,US,24,232000,2026,
81,stavn,No Team,76561198022365638,Lurker,Rotator,FALSE,TRUE,"""2025-08-05T15:46:39.723Z""","""2025-10-29T13:32:54.196Z""",,Denmark,23,350000,2027,
,coldzera,No Team,76561198039986599,Lurker,Rotator,FALSE,TRUE,,,,Brazil,31,200000,2025,
,Somebody,No Team,76561198045397601,Support,Anchor,FALSE,TRUE,,,,China,30,90000,2025,
,pancc,No Team,76561198045722458,Spacetaker,Rotator,FALSE,TRUE,,,,Brazil,27,120000,2025,
,stadado,No Team,76561198047402862,AWP,AWP,FALSE,TRUE,,,,Portugal,29,150000,2026,
,oSee,No Team,76561198047472534,AWP,AWP,FALSE,TRUE,,,,United States,26,150000,2025,
54,hades,No Team,76561198050922008,AWP,AWP,FALSE,TRUE,"""2025-08-05T15:46:38.456Z""","""2025-10-29T12:39:03.261Z""",,Poland,24,232000,2027,
6,ICY,No Team,76561198055109028,AWP,AWP,FALSE,TRUE,"""2025-08-05T15:46:36.192Z""","""2025-10-29T11:07:37.499Z""",,Russia,20,400000,2027,
,nosraC,No Team,76561198061787931,Lurker,Rotator,FALSE,TRUE,,,,United States,25,200000,2025,
,nicoodoz,No Team,76561198073117127,AWP,AWP,FALSE,TRUE,,,,Denmark,25,220000,2025,
,kylar,No Team,76561198076696741,Support,Anchor,FALSE,TRUE,,,,Poland,26,90000,2026,
48,sl3nd,No Team,76561198098071693,AWP,AWP,FALSE,TRUE,"""2025-08-05T15:46:38.175Z""","""2025-11-07T08:58:33.750Z""",,Hungary,21,150000,2027,
,scr0b,No Team,76561198100855323,AWP,AWP,FALSE,TRUE,,,,Denmark,21,900000,2026,
,LNZ,No Team,76561198104626893,Support,Anchor,TRUE,FALSE,,,,Sweden,23,116000,2025,
,Kristou,No Team,76561198107540058,AWP,AWP,FALSE,TRUE,,,,Denmark,23,100000,2025,
,dobu,No Team,76561198120157641,,,FALSE,TRUE,,,,,,,,
231,dav1deuS,No Team,76561198120491311,Lurker,Anchor,FALSE,TRUE,"""2025-10-29T15:47:18.045Z""","""2025-11-07T09:03:13.500Z""",,Chile,24,100000,2024,
,demQQ,No Team,76561198126171426,Spacetaker,Rotator,FALSE,TRUE,,,,Ukraine,24,116000,2025,
75,hyped,No Team,76561198139604328,AWP,AWP,FALSE,TRUE,"""2025-08-05T15:46:39.439Z""","""2025-10-29T12:38:59.983Z""",,Germany,24,139000,2027,
76,kyuubii,No Team,76561198144926364,Support,Rotator,FALSE,TRUE,"""2025-08-05T15:46:39.485Z""","""2025-10-29T12:39:00.030Z""",,Germany,23,162000,2027,
,pr1metapz,No Team,76561198158709510,Spacetaker,Rotator,FALSE,TRUE,,,,Germany,25,200000,2026,
74,Krimbo,No Team,76561198170631091,Lurker,Anchor,FALSE,TRUE,"""2025-08-05T15:46:39.391Z""","""2025-10-29T12:38:59.925Z""",,Germany,23,290000,2027,
36,jL,No Team,76561198176878303,Spacetaker,Anchor,FALSE,TRUE,"""2025-08-05T15:46:37.611Z""","""2025-08-05T15:46:37.611Z""",,Lithuania,26,433000,2027,
,lampada,No Team,76561198209510325,,,,,,,,,,,,
230,dgt,No Team,76561198216891576,Spacetaker,Rotator,FALSE,TRUE,"""2025-10-29T15:46:11.146Z""","""2025-11-07T09:03:23.456Z""",,Uruguay,25,100000,2025,
,nicks,No Team,76561198254423843,Lurker,Rotator,FALSE,TRUE,,,,Brazil,20,150000,2025,
,Goofy,No Team,76561198260883606,Support,Anchor,FALSE,TRUE,,,,Poland,25,100000,2025,
,dangeR,No Team,76561198267298363,,,FALSE,TRUE,,,,,,,,
,floppy,No Team,76561198306519263,Lurker,Anchor,FALSE,TRUE,,,,United States,25,150000,2025,
,Hfah,No Team,76561198308155775,,,FALSE,TRUE,,,,,,,,
,nifee,No Team,76561198316034540,Support,Anchor,FALSE,TRUE,,,,Ukraine,21,90000,2025,
,susp,No Team,76561198342718168,Lurker,Rotator,FALSE,TRUE,,,,Sweden,20,190000,2026,
,MoDo,No Team,76561198350221098,AWP,AWP,FALSE,TRUE,,,,Romania,22,260000,2025,
,Kursy,No Team,76561198350606449,Support,Rotator,FALSE,TRUE,,,,France,24,150000,2025,
,Flying,No Team,76561198402229798,,,FALSE,TRUE,,,,China,,,,
,Peeping,No Team,76561198452804081,Spacetaker,Rotator,FALSE,TRUE,,,,United States,20,180000,2025,
31,degster,No Team,76561198799340122,AWP,AWP,FALSE,TRUE,"""2025-08-05T15:46:37.377Z""","""2025-10-29T12:39:03.218Z""",,United States,24,232000,2026,
,youka,No Team,76561198846386512,AWP,AWP,FALSE,TRUE,,,,Russia,21,110000,2025,
,miQ,No Team,76561198874507220,,,,,,,,Mongolia,,,,
,love me (dem0n duplicate),No Team,76561198875633179,,,,,,,,,,,,
8,Senzu,No Team,76561198920720017,Lurker,Rotator,FALSE,TRUE,"""2025-08-05T15:46:36.286Z""","""2025-10-29T12:39:02.675Z""",,Mongolia,25,465000,2027,
,woro2k,No Team,76561198975452660,AWP,AWP,FALSE,TRUE,,,,Ukraine,24,160000,2025,
19,zont1x,No Team,76561198995880877,Support,Anchor,FALSE,TRUE,"""2025-08-05T15:46:36.806Z""","""2025-10-29T12:39:02.126Z""",,Russia,21,581000,2027,
42,xelex,No Team,76561198998266210,Support,Anchor,FALSE,FALSE,"""2025-08-05T15:46:37.894Z""","""2025-09-28T11:45:54.091Z""",,United States,24,200000,2026,
49,ztr,No Team,76561199009468655,Support,Anchor,TRUE,TRUE,"""2025-08-05T15:46:38.222Z""","""2025-10-29T12:39:00.995Z""",,Sweden,22,232000,2027,
20,magixx,No Team,76561199063238565,Support,Anchor,FALSE,TRUE,"""2025-08-05T15:46:36.853Z""","""2025-10-29T12:39:02.082Z""",,Russia,22,186000,2027,
,deemO,No Team,76561199163957904,,,FALSE,TRUE,,,,,,,,
,Marek,No Team,,,,,,,,,China,,,,
,fr3nd,No Team,76561198138034396,,,FALSE,TRUE,,,,Poland,23,,,
,F1KU,No Team,,,,FALSE,TRUE,,,,,,,,
,Sonic,NRG,76561197975129851,Lurker,Rotator,FALSE,TRUE,,,,South Africa,27,240000,2027,
,nitr0,NRG,76561197995889730,Support,Anchor,TRUE,TRUE,,,,United States,30,100000,2026,
,br0,NRG,76561198060483793,Lurker,Anchor,FALSE,TRUE,,,,Denmark,23,200000,2026,
,jeorge,NRG,76561198353869335,Spacetaker,Rotator,FALSE,TRUE,,,,United States,22,145000,2027,
,XotiC,NRG,76561198976995212,AWP,AWP,FALSE,TRUE,,,,United States,24,300000,2027,
,WOOD7,ODDIK,76561198003142163,AWP,AWP,FALSE,TRUE,,,,Brazil,30,70000,2026,
,naitte,ODDIK,76561198029203966,Lurker,Rotator,FALSE,TRUE,,,,Brazil,28,120000,2026,
,ksloks,ODDIK,76561198257770857,Support,Anchor,FALSE,TRUE,,,,Brazil,20,90000,2026,
,arrozdoce,OG,76561197973757802,Lurker,Rotator,FALSE,TRUE,,,,Portugal,,,,
78,cadiaN,OG,76561198004115516,AWP,AWP,TRUE,TRUE,"""2025-08-05T15:46:39.581Z""","""2025-10-29T13:32:42.846Z""",,Denmark,30,93000,2027,
3,FL4MUS,OG,76561198014259134,Spacetaker,Rotator,FALSE,TRUE,"""2025-08-05T15:46:36.052Z""","""2025-10-29T11:09:33.747Z""",,Russia,21,580000,2027,
,spooke,OG,76561198079183361,Spacetaker,Rotator,FALSE,TRUE,,,,Sweden,24,240000,2027,
,adamb,OG,76561198851067539,,,FALSE,TRUE,,,,,,,,
229,biguzera,paiN Gaming,76561198015308884,Support,Anchor,TRUE,TRUE,"""2025-10-29T15:45:30.742Z""","""2025-11-07T09:03:05.215Z""",,Brazil,28,250000,2027,
232,nqz,paiN Gaming,76561198350342505,AWP,AWP,FALSE,TRUE,"""2025-10-29T15:48:00.076Z""","""2025-11-07T09:03:31.935Z""",,Brazil,24,300000,2027,
233,snow,paiN Gaming,76561198377335846,Spacetaker,Rotator,FALSE,TRUE,"""2025-10-29T15:48:42.339Z""","""2025-11-07T09:03:40.524Z""",,Brazil,18,560000,2028,
,jame,Paravision,76561198036125584,AWP,AWP,TRUE,TRUE,,,,Russia,27,290000,2027,
,xiELO,Paravision,76561198141272052,Spacetaker,Rotator,FALSE,TRUE,,,,Russia,19,400000,2027,
,nota,Paravision,76561198975070027,Spacetaker,Rotator,FALSE,TRUE,,,,Russia,18,400000,2027,
,AW,Paravision,,,,,,,,,,,,,
,BELCHONOKK,Paravision,,,,,,,,,,,,,
90,JT,Passion UA,76561198021715100,Support,Anchor,TRUE,TRUE,"""2025-09-23T05:59:06.879Z""","""2025-10-29T09:01:50.038Z""",,South Africa,29,150000,2027,
91,hallzerk,Passion UA,76561198060367310,AWP,AWP,FALSE,TRUE,"""2025-09-23T11:40:12.421Z""","""2025-10-29T09:02:18.639Z""",,Norway,23,220000,2027,
93,Grim,Passion UA,76561198191236195,Spacetaker,Anchor,FALSE,TRUE,"""2025-09-23T11:42:52.074Z""","""2025-10-29T09:01:37.193Z""",,United States,24,190000,2027,
,Nicx,Passion UA,76561198410085211,Support,Anchor,FALSE,TRUE,,,,United States,21,130000,2026,
,Kvem,Passion UA,76561198845436666,Spacetaker,Rotator,FALSE,TRUE,,,,Ukraine,24,348000,2027,
222,Summer,RARE ATOM,76561198013230247,Spacetaker,Rotator,TRUE,TRUE,"""2025-10-29T15:30:11.614Z""","""2025-11-07T09:00:02.219Z""",,China,28,100000,2027,
223,ChildKing,RARE ATOM,76561198352656104,Lurker,Anchor,FALSE,TRUE,"""2025-10-29T15:32:17.309Z""","""2025-11-07T08:59:35.618Z""",,China,25,180000,2027,
,Tiger,RARE ATOM,76561198973527469,AWP,AWP,FALSE,TRUE,,,,China,22,220000,2027,
224,L1HaNg,RARE ATOM,76561199016206318,Spacetaker,Rotator,FALSE,TRUE,"""2025-10-29T15:34:29.876Z""","""2025-11-07T08:59:44.883Z""",,China,22,200000,2027,
,chengking,RARE ATOM,,,,,,,,,,,,2027,
,venomzera,Red Canids,76561198218265253,Spacetaker,Rotator,FALSE,TRUE,,,,Brazil,21,210000,2027,
,chayJESUS,Red Canids,76561198251931752,,Anchor,FALSE,TRUE,,,,,,,2027,
,kauez,Red Canids,76561198385657675,Spacetaker,Anchor,FALSE,TRUE,,,,Brazil,22,130000,2027,
,drop,Red Canids,76561198388056582,Support,Anchor,TRUE,TRUE,,,,Brazil,21,330000,2027,
,history,Red Canids,,,,,,,,,,,,2027,
,chelleous,Rooster,76561198158971650,Support,Anchor,FALSE,TRUE,,,,,,,2027,
235,MUTiRiS,SAW,76561197997981170,Support,Anchor,TRUE,TRUE,"""2025-10-29T15:56:04.599Z""","""2025-11-07T09:00:26.692Z""",,Portugal,32,120000,2027,
236,story,SAW,76561198065448360,AWP,AWP,FALSE,TRUE,"""2025-10-29T15:56:57.588Z""","""2025-11-07T09:00:41.061Z""",,Portugal,23,400000,2027,
234,Ag1l,SAW,76561198186878873,Spacetaker,Rotator,FALSE,TRUE,"""2025-10-29T15:55:17.129Z""","""2025-11-07T09:01:12.238Z""",,Portugal,22,300000,2027,
,krazy,SAW,76561198860760060,Lurker,Anchor,FALSE,TRUE,,,,Portugal,21,290000,2027,
,aragornN,SAW,76561198804877596,Spacetaker,Rotator,FALSE,TRUE,,,,Portugal,23,290000,2027,
,reck,SportsBetExpert,76561198334814829,Lurker,Rotator,FALSE,TRUE,,,,United States,22,240000,2027,
29,TeSeS,Team Falcons,76561197996678278,Spacetaker,Anchor,FALSE,TRUE,"""2025-08-05T15:46:37.281Z""","""2025-10-29T12:39:01.680Z""",,Denmark,25,500000,2027,
30,NiKo,Team Falcons,76561198041683378,Spacetaker,Rotator,FALSE,TRUE,"""2025-08-05T15:46:37.330Z""","""2025-10-29T12:39:01.591Z""",,Denmark,28,1280000,2027,
32,kyxsan,Team Falcons,76561198057282432,Support,Anchor,FALSE,TRUE,"""2025-08-05T15:46:37.424Z""","""2025-10-29T12:39:01.635Z""",,Macedonia,25,900000,2027,
33,m0NESY,Team Falcons,76561198074762801,AWP,AWP,FALSE,TRUE,"""2025-08-05T15:46:37.469Z""","""2025-10-29T12:39:01.489Z""",,Russia,20,2325000,2030,
215,kyousuke,Team Falcons,76561199032006224,Spacetaker,Rotator,FALSE,TRUE,"""2025-10-29T10:12:51.764Z""","""2025-10-29T12:39:01.544Z""",,Russia,17,2325000,2030,
23,NAF,Team Liquid,76561198001151695,Lurker,Anchor,FALSE,TRUE,"""2025-08-05T15:46:37.001Z""","""2025-10-29T12:39:01.904Z""",,Canada,28,200000,2027,
25,NertZ,Team Liquid,76561198053126645,Spacetaker,Anchor,FALSE,TRUE,"""2025-08-05T15:46:37.094Z""","""2025-10-29T12:39:01.816Z""",,Israel,26,465000,2027,
64,EliGE,Team Liquid,76561198066693739,Spacetaker,Rotator,FALSE,TRUE,"""2025-08-05T15:46:38.926Z""","""2025-10-29T12:39:01.726Z""",,United States,27,581000,2027,
,siuhy,Team Liquid,76561198150673360,Support,Anchor,TRUE,TRUE,,,https://img-cdn.hltv.org/playerbodyshot/bHQKxD5jNZ2n1YpeYeeTA6.png?ixlib=java-2.1.0&w=400&s=5061ee629f29b424647754ed12f94e04,Poland,23,450000,2027,
26,ultimate,Team Liquid,76561198283989223,AWP,AWP,FALSE,TRUE,"""2025-08-05T15:46:37.141Z""","""2025-10-29T12:39:01.772Z""",,Poland,22,465000,2027,
21,Chopper,Team Spirit,76561198045898864,Spacetaker,Rotator,TRUE,TRUE,"""2025-08-05T15:46:36.905Z""","""2025-10-29T12:39:02.036Z""",,Russia,22,348000,2027,
17,sh1ro (SH1R0),Team Spirit,76561198081484775,AWP,AWP,FALSE,TRUE,"""2025-08-05T15:46:36.707Z""","""2025-08-24T18:52:05.683Z""",,Russia,22,400000,2027,
217,zweih,Team Spirit,76561198210626739,Support,Anchor,FALSE,TRUE,"""2025-10-29T10:45:35.253Z""","""2025-10-29T12:39:02.214Z""",,Russia,18,615000,2028,
18,donk,Team Spirit,76561198386265483,Spacetaker,Rotator,FALSE,TRUE,"""2025-08-05T15:46:36.754Z""","""2025-10-29T12:39:01.948Z""",,Russia,18,2325000,2027,
216,tN1R,Team Spirit,76561198872013168,Lurker,Rotator,FALSE,TRUE,"""2025-10-29T10:44:50.230Z""","""2025-10-29T12:39:02.170Z""",,Belarus,24,1744000,2028,
12,mezii,Team Vitality,76561197973140692,Spacetaker,Anchor,FALSE,TRUE,"""2025-08-05T15:46:36.472Z""","""2025-10-29T12:39:02.396Z""",,United Kingdom,24,930000,2026,
13,flameZ,Team Vitality,76561197978835160,Spacetaker,Rotator,FALSE,TRUE,"""2025-08-05T15:46:36.519Z""","""2025-10-29T12:39:02.350Z""",,Israel,25,1046000,2026,
14,apEX,Team Vitality,76561197989744167,Support,Rotator,TRUE,TRUE,"""2025-08-05T15:46:36.567Z""","""2025-10-29T12:39:02.445Z""",,France,31,232000,2025,
15,ropz,Team Vitality,76561197991272318,Lurker,Anchor,FALSE,TRUE,"""2025-08-05T15:46:36.613Z""","""2025-10-29T12:39:02.304Z""",,Estonia,25,1744000,2026,
16,ZywOo,Team Vitality,76561198113666193,AWP,AWP,FALSE,TRUE,"""2025-08-05T15:46:36.660Z""","""2025-10-29T12:39:02.260Z""",,France,25,3488000,2027,
,nin9,The Huns,76561198128463598,AWP,AWP,FALSE,TRUE,,,,Mongolia,27,150000,2026,
,xerolte,The Huns,76561198329147148,Lurker,Anchor,FALSE,TRUE,,,,Mongolia,22,140000,2027,
,bart4k,The Huns,76561198441362330,Support,Anchor,FALSE,TRUE,,,,Mongolia,21,50000,2026,
,sk0R,The Huns,76561198823425843,Lurker,Rotator,FALSE,TRUE,,,,Mongolia,23,200000,2027,
,cobrazera,The Huns,76561199430871803,Spacetaker,Rotator,FALSE,TRUE,,,,Mongolia,20,100000,2026,
7,Mzinho,The MongolZ,76561198838822582,Support,Anchor,FALSE,TRUE,"""2025-08-05T15:46:36.239Z""","""2025-08-05T15:46:36.239Z""",,Mongolia,18,350000,2027,
9,bLitz,The MongolZ,76561198959824088,Spacetaker,Rotator,TRUE,TRUE,"""2025-08-05T15:46:36.331Z""","""2025-10-29T12:39:02.539Z""",,Mongolia,22,465000,2027,
10,Techno4K,The MongolZ,76561198966340160,Spacetaker,Anchor,FALSE,TRUE,"""2025-08-05T15:46:36.378Z""","""2025-10-29T12:39:02.585Z""",,Mongolia,23,349000,2027,
11,910-,The MongolZ,76561199203563345,AWP,AWP,FALSE,TRUE,"""2025-08-05T15:46:36.425Z""","""2025-10-29T12:39:02.494Z""",,Mongolia,23,581000,2027,
,controlez,The MongolZ,76561198362438171,Lurker,Rotator,FALSE,TRUE,,,,Mongolia,28,140000,2026,
,asap,THUNDER dOWNUNDER,76561198028656944,Lurker,Rotator,FALSE,TRUE,,,,Australia,22,100000,2026,
,dexter,THUNDER dOWNUNDER,76561198061801241,Support,Anchor,TRUE,TRUE,,,,Australia,31,80000,2025,
,Liazz,THUNDER dOWNUNDER,76561198072321716,Support,Anchor,FALSE,TRUE,,,,Australia,28,100000,2026,
,aliStair,THUNDER dOWNUNDER,76561198098346710,AWP,AWP,FALSE,TRUE,,,,Australia,27,100000,,
,Tjp,THUNDER dOWNUNDER,76561198163780030,Support,Anchor,FALSE,TRUE,,,,Australia,23,140000,2026,
,Attacker,TYLOO,76561198048266764,Spacetaker,Rotator,FALSE,TRUE,,,,China,28,190000,2026,
,Mercury,TYLOO,76561198108796479,Support,Anchor,TRUE,TRUE,,,,China,24,300000,2026,
,Moseyuh,TYLOO,76561198355197522,Spacetaker,Anchor,FALSE,TRUE,,,,China,20,240000,,
,Jee,TYLOO,76561198360407641,AWP,AWP,FALSE,TRUE,,,,China,20,230000,2026,
,JamYoung,TYLOO,76561198364937038,Spacetaker,Rotator,FALSE,TRUE,,,,China,24,581000,2026,
1,FL1T,Virtus.pro,76561197995817501,Spacetaker,Rotator,FALSE,TRUE,"""2025-08-05T15:46:35.942Z""","""2025-10-29T12:39:02.720Z""",,Russia,27,581000,2027,
5,fame,Virtus.pro,76561198080114546,Lurker,Anchor,FALSE,TRUE,"""2025-08-05T15:46:36.145Z""","""2025-10-29T12:39:02.764Z""",,Russia,22,465000,2027,
220,PERFECTO,Virtus.pro,76561198121220486,Support,Anchor,FALSE,TRUE,"""2025-10-29T12:02:17.754Z""","""2025-10-29T12:09:15.149Z""",,Russia,26,232000,,
219,b1st,Virtus.pro,76561198842458256,AWP,AWP,FALSE,TRUE,"""2025-10-29T11:05:45.671Z""","""2025-11-07T08:08:47.219Z""",,Russia,18,581000,2026,
218,tO0RO,Virtus.pro,76561199116332388,Support,Anchor,FALSE,TRUE,"""2025-10-29T11:03:32.776Z""","""2025-10-29T12:39:02.858Z""",,Russia,20,232000,2026,
,stanislaw,Wildcard,76561197981849043,Spacetaker,Anchor,TRUE,TRUE,,,,Canada,31,140000,2026,
,HEN1,,76561198018027263,AWP,AWP,FALSE,TRUE,,,,Brazil,30,90000,2025,
,ANNIHILATION,,76561198276087202,,,FALSE,FALSE,,,,,,,,
